"game_fk","library_fk"
1519850,1
1934790,1
1455490,1
581320,1
731820,1
670280,1
1740600,1
349890,1
1422380,1
1534980,2
2066300,2
1268420,2
1034610,2
1023010,2
884080,2
719320,2
754320,3
1094290,3
795990,3
282660,3
573070,3
284160,3
615970,3
1028860,3
2025610,4
718040,4
1508980,4
1177130,4
1608220,4
845690,4
1570760,4
1325800,4
2184230,4
703980,4
1736490,5
271670,6
556870,6
2195250,7
1582180,7
1300950,7
1266800,7
1542000,7
1024220,7
602550,7
270750,7
531910,8
905330,8
2091680,8
703180,9
442660,9
1434310,9
1028090,10
499760,10
1970980,10
2579020,10
618840,10
1440890,10
299780,10
219340,10
685690,10
837190,11
1567950,11
1081090,11
530040,11
1617370,11
396820,11
2085860,11
405310,11
1504360,11
1264920,11
1103310,12
857680,12
1548270,12
2132540,12
920820,13
2398500,13
395920,13
374010,13
2657230,13
1305350,14
1712950,14
1406340,14
1394940,14
881050,14
1236780,14
980730,14
1217550,14
1856910,14
1014110,15
520940,15
319740,15
769440,16
700440,16
1282090,16
1898790,16
1587710,16
583740,17
898720,17
1900340,17
1790250,17
978580,17
594490,17
1355820,17
522880,17
1691760,17
557700,17
1732190,18
1563840,18
1379200,18
1358140,18
1427130,19
302510,19
1545990,19
1843880,19
1320100,19
2221230,20
1543830,21
2212490,21
1431230,21
1493960,21
2190240,22
453750,22
1100410,22
1505400,22
891320,23
535350,23
495550,23
1145800,23
685700,23
2136550,23
762520,23
508530,23
521980,24
463250,24
364940,24
471160,24
731420,24
815570,24
336760,24
1848870,24
1630740,25
548890,25
286260,25
2167130,25
788000,25
1889320,25
2138000,25
662470,25
730010,25
1236300,26
844300,26
233740,26
302330,26
1057680,26
1698920,27
1340570,28
1505460,28
562050,28
930640,28
914190,28
555950,28
16900,29
390890,29
962970,29
565490,29
970960,29
1077250,30
650220,30
358700,30
1382450,31
518730,31
925810,31
887280,31
432870,32
579870,32
1028900,33
667310,33
1128970,33
314240,33
447890,34
958220,34
806100,34
338530,34
1736000,34
810770,35
416800,35
1104660,35
639300,35
2649780,35
239430,35
629970,36
449100,36
427940,36
1010750,37
1236930,37
1204990,37
402190,37
272230,37
1092710,38
1346740,38
2233950,38
1161190,38
886070,38
929280,38
1229380,38
286040,38
508600,38
808450,38
1085940,39
863940,39
667010,39
1913690,39
1578280,39
1339750,39
1219740,39
1066730,39
1268960,40
1061200,40
502990,40
1262830,40
304970,40
1163290,40
770460,40
1511460,40
1047010,40
1328510,41
1788500,41
1012600,42
1794620,42
1566600,43
1652960,43
436060,43
553610,43
968580,43
499070,44
1092150,44
1583950,45
2069750,45
915200,45
1657770,45
684470,45
684170,46
1524930,47
1411940,47
1692290,47
1074630,47
1906110,47
683890,47
1693300,48
724260,48
834100,48
898750,48
715100,48
915850,48
1905530,48
1364780,49
1222870,49
269250,49
314450,50
1295510,50
1707540,50
780580,50
1786070,50
1800900,50
1225560,51
1992110,52
1067930,52
1417680,52
497150,53
2086570,53
1443810,53
2240630,53
1492380,53
1221510,54
448280,54
1344440,54
1236180,54
1094630,54
1744140,54
864450,54
658850,54
1956400,55
2411060,55
935540,55
864850,55
1247940,56
971620,56
438450,56
1787440,56
672010,57
2349830,57
1163980,58
1431630,58
1354530,58
1366750,58
787200,58
1836890,58
656580,59
2020540,59
1564790,59
1641500,59
1184810,59
775580,60
1913740,60
390520,60
1420300,60
628740,60
1696200,61
1114090,61
2211730,61
552230,61
1170720,61
362680,61
970510,61
582500,62
346850,62
1529100,62
1801830,62
465750,62
832610,62
469600,62
766570,62
1278000,63
1191940,63
847460,63
973090,64
1114460,64
1871920,64
1562860,64
1582260,64
938960,64
928000,65
1496790,65
376250,65
1259830,65
363620,66
861920,66
832530,66
1361320,66
923570,66
618630,66
429020,67
1951480,67
386590,67
824770,67
840140,67
1033360,67
1804600,67
1056590,67
556830,68
347790,68
1624350,68
930010,68
343020,68
1459300,68
1463020,69
503130,69
1509150,69
395140,69
318860,69
1054150,69
698030,69
1599130,69
1620970,70
763650,71
1358860,71
1715290,71
2457700,71
1588060,71
1379610,71
338320,72
287920,72
1646240,72
997260,72
883560,72
550450,72
1752250,72
1452910,73
1508530,73
1279630,73
1256040,74
1836690,74
785840,74
914630,74
1944570,74
2466290,74
546650,74
462480,74
1104230,74
1575380,75
1127460,75
1392190,75
834760,75
1616550,75
1669500,75
1222050,75
343770,75
775310,75
1575710,75
324650,76
885950,76
357780,76
1578540,76
438240,76
2543630,77
561770,77
1182370,78
1477790,78
1844400,78
364510,78
786670,78
1331420,78
412660,78
1475780,78
1419360,78
625910,79
725100,79
368430,79
574150,79
523190,79
598640,79
2007000,79
1266340,80
816250,80
623310,80
1076210,80
517280,80
364270,80
1038280,80
748520,80
1302590,80
554670,81
636020,81
2225600,81
1666240,81
620980,81
2304650,81
843710,81
1450780,81
465430,81
719720,82
1978010,82
1599210,83
2419640,83
1843470,83
1000380,83
868320,83
1516760,83
984680,84
429580,84
809360,84
1654360,84
520120,85
637100,85
1551120,85
1103780,86
1630890,86
1157840,86
248170,86
1308770,86
1252330,86
2658490,86
464740,86
375460,86
768880,87
1327450,87
871320,87
769080,87
1170350,87
1399620,87
1452500,87
1480480,87
1472060,87
505080,88
1231710,88
2112880,88
1238970,88
1285010,88
1052870,88
1803840,88
851250,88
1873800,88
957150,89
941330,89
1126600,90
1430030,90
1081020,90
1610060,90
2609720,90
1124510,90
2436190,90
1821630,91
1937110,91
1130880,91
943440,91
749010,91
1633230,91
383700,91
1097100,91
356180,91
435020,92
589220,93
519170,93
2221230,93
1964280,93
2426640,93
1361440,93
215830,93
892860,93
1667840,93
428510,94
1175070,94
1812950,94
1016700,94
1833490,94
2536310,94
1103630,94
1568330,95
560080,95
1357490,96
234270,96
1264800,96
683150,97
1467740,97
370770,97
261880,97
1281920,98
1013890,98
743360,98
682370,98
1595710,98
724760,98
1900340,98
949830,99
1519140,99
1984000,99
1286810,99
2222540,99
708720,99
887940,99
1087770,99
648410,99
289690,100
843270,100
660330,100
807960,100
1387450,101
1714180,101
397830,101
1122880,101
1611880,101
2620750,101
2418680,101
1299710,101
1556200,102
1199940,102
1524350,102
1468800,102
1330940,102
1713680,102
992880,102
1521780,103
1657200,103
955570,103
1906800,103
1429680,103
845860,103
1530470,103
1033360,103
1571540,104
1226170,104
1142460,104
1877320,104
1265440,104
468780,105
979480,105
1555230,105
1449060,105
647650,106
889240,106
307030,106
635220,107
2630300,107
610130,107
1734870,107
2499090,107
1719390,108
1300100,108
541970,108
1714250,108
1406850,108
936000,108
2471480,108
221540,108
1616580,109
1479980,109
1784160,109
451010,109
365810,109
1145660,109
2360690,109
1582730,109
296630,110
792640,110
1962670,110
1126310,111
346220,111
1854730,111
1367690,112
1476870,112
1475170,112
1048570,112
1428030,113
1214320,113
1754520,113
1353830,114
2312380,114
1108170,114
370710,114
1757130,114
2606270,114
486180,114
1722020,114
350210,114
1579590,115
257030,115
1147030,115
2580150,115
834760,116
1341500,116
1714350,117
931700,117
1437680,117
1663640,117
442210,117
746540,117
1200430,117
925810,117
471270,118
655000,118
441250,118
1501490,118
1639140,119
1707870,119
1118100,119
1687840,119
527450,119
1814930,119
1362650,120
364640,121
1682420,121
1175690,121
2450870,121
2207520,122
803930,122
342970,123
1149460,123
1375070,123
2246790,123
1220440,123
1032520,123
1923290,123
876210,123
1510720,124
1612950,124
782660,124
1496470,124
553880,124
960340,125
2181930,125
1849430,125
977410,125
2050400,125
1330140,125
1296290,125
544220,126
1407080,126
2322180,126
1709900,126
1199540,127
1456920,127
803260,128
665550,129
354740,129
2531340,129
1258580,129
1194600,129
346670,130
1998470,130
1006430,130
1863420,130
386260,130
547590,130
759040,130
1220120,131
2396180,131
280910,131
532260,132
1762680,132
826810,132
644390,132
639320,132
1247650,132
759640,132
1890810,132
1136380,133
1123360,133
1798420,134
535350,134
2289550,135
2219140,135
1175510,135
978640,135
713030,135
1037600,135
873180,136
297570,136
1509080,136
846730,136
555280,136
1635020,136
713380,136
719470,136
1540420,136
362940,136
1163470,137
1445260,137
1104910,137
1646770,137
1619450,137
547820,137
668790,138
1111330,138
1676520,138
968540,138
2516090,138
658260,138
2250190,138
720030,138
1515730,138
1371720,139
1625420,139
772100,140
654800,140
396280,140
1808630,140
922590,140
568220,140
1696440,141
506560,141
249570,141
378410,141
1687100,141
366960,141
511140,141
1622560,142
416700,142
1063530,142
1840790,143
1184890,143
1697730,144
1643280,144
333980,144
1489630,144
2546600,144
1116890,144
1268840,144
391180,144
956680,145
496400,145
2005430,145
518720,145
1027700,145
1159040,145
947110,145
336130,146
1588780,146
501270,146
1200160,146
661520,146
1194490,146
1765470,146
1114520,146
2102810,146
2520560,146
1989800,147
1820810,147
717170,147
1263100,147
265810,148
1509770,148
1615290,148
1007430,148
540740,148
2437690,148
446800,148
1111110,148
1714070,148
1361580,149
1892430,149
560220,149
1607770,149
1722890,149
341440,149
854060,149
265670,149
622200,150
1852890,150
310080,150
253250,150
1878580,150
1750000,150
2517770,150
632110,150
1147240,150
789010,151
1058940,151
1215550,151
545800,151
1299720,151
228400,151
234330,151
704640,151
866510,152
1826910,152
749200,152
1848730,152
1731730,152
409870,152
337490,152
883190,152
1547220,153
1065710,153
746760,153
1594310,153
1852840,153
1068490,153
228400,153
1288940,153
1108590,154
2505090,154
581360,154
534750,154
629540,154
452340,155
2417300,155
1061220,156
1329440,156
1231940,156
639920,156
2136800,157
1352470,157
2292720,157
625630,157
1830050,157
1809480,157
1389450,157
1069660,158
302950,158
1016660,158
665140,158
1531730,159
521680,160
698740,160
1056650,160
858780,160
767690,160
775960,160
342450,161
932690,161
592410,161
262920,161
416590,161
640820,161
1784570,162
1863420,162
392680,162
1400620,162
1819160,162
844390,162
1339380,162
1665060,162
2498270,163
706570,163
801870,163
326110,163
1898410,163
613020,163
1155620,163
2221190,163
1858090,164
1338460,164
1344810,165
1708590,165
716640,165
713430,165
1200220,165
640820,165
2519850,165
891130,165
592600,166
365200,166
2094480,166
1305970,166
712530,167
1247830,167
1698850,167
1509520,168
1368840,168
1603930,168
1289170,168
1383580,168
1124790,168
1147130,169
701820,170
1186260,170
1952590,170
1000080,170
948770,170
848350,171
1155800,171
1200600,171
1148550,171
574220,171
2025840,171
457450,172
367520,173
2300530,173
1907140,173
1087620,173
839500,173
714880,173
723810,173
2476500,173
1939790,173
997480,174
858950,174
919300,174
421020,174
793630,174
808010,174
1059080,174
1917410,174
927580,174
752060,175
1332440,175
949650,175
1740850,175
1301390,175
1783930,175
406710,175
523080,176
1494280,176
1064010,176
1337780,176
1071740,176
473610,176
485380,176
2013300,176
1066180,176
580410,176
1346020,177
1825930,177
1594790,177
1935660,177
1178430,177
1889320,178
1103430,178
1792290,178
1304870,178
993990,178
947960,178
1189750,178
567620,178
1867330,179
654110,179
568130,179
352550,179
278850,179
696500,179
1193120,180
1511670,180
1862260,180
1609310,180
1155090,181
663190,181
790060,182
461590,182
1068540,182
765170,182
521660,182
2558660,182
1716790,182
1223670,182
1931240,183
833770,183
1019910,183
2510170,183
2571780,183
787220,184
323680,184
1528120,184
970500,185
1525420,186
1172980,186
217920,186
1765520,186
421170,186
1146430,186
1908460,187
773210,187
1194680,187
1149700,187
328310,187
2607840,187
1113110,188
2383870,188
1666240,188
1328760,188
494440,189
515980,189
487720,189
1203500,189
1677300,190
266090,190
852220,191
500340,191
1330570,192
628170,192
1437170,192
1704250,192
1425130,192
2388460,192
717840,193
2063850,193
459550,193
1731860,193
1760980,193
1175390,193
845490,193
961720,194
1111590,194
645440,194
479000,195
990080,195
1612270,195
506590,195
965120,195
633430,195
744040,195
1120820,195
477910,195
1005820,195
1462970,196
1624620,196
1486860,196
536800,196
944650,196
1235430,197
445770,197
1584830,197
282680,197
1291230,197
1451950,197
1569920,197
1089140,197
1485450,198
832720,198
427240,198
2586500,198
1289500,199
302970,199
1127460,200
415170,200
1573760,200
639190,201
2251240,201
1258930,201
677730,201
1666430,201
1947050,201
1112700,202
703880,202
1148620,203
770270,203
254460,203
1149800,203
416830,203
1736760,203
672670,203
1447000,203
2188960,204
1218110,204
846820,204
937050,204
1370470,205
276300,205
702680,205
2345040,205
1059740,205
1604110,205
886270,205
873310,205
1791790,205
1841580,206
1621000,206
2172180,206
984680,206
465240,206
1047340,206
1673650,206
374320,206
1989980,207
1216720,207
558720,207
1660490,207
940140,207
925560,207
503560,207
800820,207
1940320,208
335330,208
2200620,208
1261180,209
740260,209
771250,209
2077080,209
694870,209
2488410,209
292480,210
302670,210
432470,210
355070,210
412270,210
517770,211
712260,211
1547580,211
1592100,211
344160,211
352610,211
2227150,211
2274390,211
559650,212
1928370,212
379210,212
528270,212
374990,212
2262690,212
588180,212
677880,213
800680,213
1305050,213
1382870,213
343630,213
771560,213
321840,213
1425630,213
1259600,213
710600,213
693710,214
1315890,215
777090,215
1808480,216
1252450,216
656140,216
1450080,216
1414500,216
1885010,216
292820,216
2564740,217
978840,217
1856090,217
315480,217
1330830,217
1700680,217
2629030,217
1881460,217
1026610,218
718710,218
286300,218
1282150,218
1702840,219
1348060,219
359560,219
859380,219
828600,219
518060,219
1737010,219
1530280,219
440950,219
1547490,220
394290,220
595260,220
1673450,221
560300,221
1252560,221
803750,221
1597970,221
1400140,222
269610,223
1304090,223
351920,223
1323200,223
909100,223
856410,223
796940,223
654220,224
651470,224
798480,224
661070,224
1115960,224
1981570,224
361360,224
2345220,224
2566160,225
2137700,225
719410,225
1214380,225
1221330,225
2432110,225
599060,225
1441500,226
1196570,226
1569270,227
2214250,227
1836290,227
916540,227
385030,227
1494510,227
1811940,227
1089590,227
1392790,227
2322180,228
903640,228
809450,228
473550,228
997020,228
1297300,228
962580,228
311690,228
1762100,229
1502630,229
678400,229
1372940,230
1018060,230
882250,230
654050,230
1357540,231
843020,231
648580,232
266110,232
914800,233
1102490,233
1272680,233
650940,233
1854050,233
1741130,233
617820,233
1950000,234
2519520,234
1215280,234
1003150,234
683220,234
983450,234
1210330,234
515910,234
1108820,234
695690,235
1457320,235
738530,236
2129290,236
1463450,236
523810,236
1755650,236
1636000,236
691830,236
352440,236
1828010,236
2601700,237
425770,237
1513760,237
1432500,238
1416770,238
1197150,238
691570,238
1403020,238
325870,239
1171240,239
2238440,239
685370,239
592360,239
1533300,239
280460,239
568770,239
966450,240
1760160,240
792300,240
1521900,240
1331310,240
489050,241
385150,241
2271060,241
542930,241
378610,242
907890,242
1075750,242
377330,242
990400,242
805840,242
1530070,242
517270,242
287960,243
1152570,243
416210,243
1988320,243
1466970,243
1978080,244
827940,244
1449060,244
1808130,244
1244470,244
1043060,245
772670,245
1525490,245
308560,245
1123030,245
1261750,245
1828910,245
1454600,245
1280060,246
1120810,246
1228700,246
761070,246
2444660,246
2557730,246
916350,246
2099220,246
1795110,247
1237730,247
409710,248
436000,248
2077700,248
781520,248
1103780,248
2663520,248
1265960,249
792410,249
356110,249
840390,250
1278230,250
1283410,250
700650,250
358270,250
1073870,250
2121610,250
867460,250
802720,251
1364340,251
1612380,251
238210,251
1860270,251
388270,251
1155340,251
512020,252
1066680,252
573680,252
2008110,252
305640,253
311190,253
1947660,254
905590,255
2313930,255
408750,256
1767560,256
1841590,256
1150730,256
911690,256
649730,256
745380,256
719120,256
1951140,256
467480,256
1399630,257
636930,257
1684270,257
720240,258
620640,258
1042910,258
1721090,258
1499120,258
2358260,258
693880,258
1330730,259
354290,259
849177,259
1448290,259
1549270,259
1671670,260
1125350,260
1173350,260
1531270,260
1928220,261
772160,261
244690,261
2080640,261
1737690,261
1373410,261
709550,261
1535090,261
2565130,261
301910,262
898450,262
2370100,262
1304400,262
1635600,262
946560,262
1482980,262
2264160,263
1063420,263
636620,263
1837510,264
1343370,264
1181600,264
1478070,264
1889320,264
2068280,264
957490,265
530350,265
1720200,265
1034230,265
2561180,265
2397700,265
1390700,265
1441430,266
701820,266
1564590,266
1054980,266
1288040,266
1398120,266
778340,267
1209430,267
2183800,267
1237840,267
1739010,267
1531680,267
873610,267
380020,267
2534980,268
2391300,268
2059280,268
1240550,269
1186340,269
1392410,269
573550,269
1832580,270
2465880,270
1590230,270
2219280,270
1110050,270
662190,270
2304540,270
1208330,271
865170,271
1394410,271
283660,271
1850960,271
1591380,271
1756120,272
345180,272
362380,272
555610,272
1518370,272
394260,273
1232330,273
367110,273
1148360,273
1078960,273
1709350,273
438940,274
466890,274
1220080,274
1154560,274
2301000,274
756800,274
508410,275
895930,275
361110,275
731940,275
1636850,276
2130440,276
765170,276
579030,277
1078370,277
1698350,277
1737170,277
961190,277
1687130,277
395890,278
858490,278
1372830,278
399040,278
448500,278
1572470,278
2410740,278
545960,278
1497630,278
1397070,278
832080,279
750790,279
842870,279
1706060,280
1342540,280
2185850,280
1209950,280
511460,280
1189470,280
1300330,280
1093870,280
1370650,280
2654700,280
1400070,281
870670,281
324110,282
2229950,282
1528770,282
480490,282
1509590,282
1602460,282
252850,282
761110,282
606230,283
1512860,283
1435330,284
1184600,284
528740,284
384660,285
2507780,285
601050,285
458490,286
1191730,286
1811050,286
2325090,286
1353680,286
2339930,286
718410,286
2265440,287
486300,288
1375260,288
328830,288
1768810,288
1138410,288
1510580,289
1563800,289
1286490,289
489140,289
416680,290
848780,290
697450,290
516510,290
310890,290
1448820,290
2157540,291
715430,291
1657630,291
1677480,291
2214160,291
1795780,292
1183030,292
931440,292
936650,292
665340,292
1209490,292
1896140,292
2417660,292
1077440,292
1868400,293
490890,293
2584050,293
1137870,293
1179210,293
636950,294
260330,294
1148390,294
476030,294
1547500,295
1563800,295
411680,295
2079800,295
529730,295
278810,295
1113680,296
2112420,296
838310,296
1517190,296
879060,296
769630,296
1288790,296
1427120,296
1445050,297
968250,298
660760,298
1248490,298
1164390,298
1452350,298
1843900,298
1414020,298
295550,299
500320,299
1649740,299
1283990,299
1423420,300
731510,300
1311930,300
879030,300
1899430,300
949530,300
1462720,300
645480,300
1974320,301
497710,301
1519590,302
570420,302
854120,302
1909670,302
2248580,302
910150,302
849630,302
624680,302
400800,302
826160,303
1901030,303
742340,303
1167430,303
679070,303
454320,303
448960,303
1260800,303
1395470,303
325930,304
1488620,304
527950,304
524520,304
297000,304
610810,304
1506600,304
2595780,304
1052540,305
292570,305
2123100,305
387370,305
1009690,305
498740,305
2556810,305
1198850,306
1885030,306
1436410,306
2390170,306
1230650,306
1424330,306
251210,307
677180,307
1631210,307
1788930,307
2002720,308
1543400,308
1391740,308
953880,308
887800,308
1930040,308
875790,308
1511360,309
2238810,309
1379920,309
678940,309
1612200,309
2137620,309
1431020,309
392160,309
1086460,310
632800,310
2259100,310
834420,310
1697050,310
1201230,310
2153020,310
1507930,311
831530,311
2494730,311
918480,312
504050,312
1557050,312
283430,312
789520,312
2243550,312
2471120,312
461880,312
1502560,313
666640,313
1370430,313
438910,313
1546930,313
532800,313
769940,313
541450,313
1097420,313
1158750,314
1308950,314
298420,315
1885010,316
451780,316
639460,316
1020600,316
1838340,316
1173640,316
2407200,316
1869890,316
1063080,316
1301990,317
404770,317
1530360,317
1226840,317
221810,317
2130460,317
2456280,317
1137630,317
1775860,317
893690,318
1847950,318
216260,318
803130,318
2299450,318
1924460,318
2404990,318
682510,318
2250550,319
542590,319
813020,319
906730,319
1848660,319
879600,319
1036340,319
843920,319
2287000,320
1692900,320
1145380,320
1815800,320
2252550,321
1029160,321
1213670,321
2576440,321
1072590,322
671240,323
2533470,323
2395210,323
488360,323
1363090,323
689050,323
525780,324
2138400,324
1920420,324
1910740,324
1716660,324
921920,324
1295260,324
1500060,324
346160,324
219890,325
954000,325
869490,325
1846330,325
1438940,326
253390,326
2206700,326
2127810,326
971690,326
795680,326
1384540,326
386690,326
1304390,327
816220,327
274560,327
810780,327
1533080,327
1006470,327
1722020,327
1575860,328
719070,328
597920,328
244430,328
1528330,328
800280,328
1504500,328
682130,328
631660,329
2108310,329
2233140,329
1340120,329
1303440,329
2146320,330
1527830,330
1086410,330
327440,330
1815570,330
485500,330
1689530,330
796110,331
688050,331
548740,331
306440,331
670940,331
828550,331
543600,331
584800,332
787260,332
586160,332
906810,332
1534930,332
728070,332
786490,332
567780,332
543280,333
349260,333
572410,333
1902690,333
976340,333
895600,333
1238710,333
602270,333
526090,333
1216490,333
1375280,334
1421390,334
1906110,334
459310,334
299260,334
1234630,334
576860,334
642770,334
324680,335
2339080,335
2528600,335
679820,335
1860510,335
1123230,335
1799180,336
1249850,336
1319880,336
412660,336
1341200,336
1637520,336
1132110,336
676000,336
432590,336
1351360,336
846200,337
1443630,337
2431100,337
1696380,337
259940,337
1051940,337
950600,337
1219980,337
605310,338
1770190,338
1969460,338
1231000,338
1603780,338
2310690,338
2571120,338
1384540,338
1340810,339
530960,339
1688730,339
770660,339
1273400,339
891340,339
1596820,339
1363200,339
443360,339
769540,340
251230,340
393290,340
300340,340
1511610,340
806720,340
1361180,340
236730,340
556640,340
796590,340
898920,341
1494650,341
1262070,341
527520,341
494380,341
884350,342
1734610,342
1489620,342
1548630,342
626600,343
1346400,343
1975660,343
1110020,343
898320,343
1584820,343
438940,343
487180,343
1642620,343
1064170,344
1271760,344
1431210,344
863940,345
547930,345
872630,345
1902250,346
247730,346
1974040,346
1364580,346
551840,347
2170520,347
1968540,348
2432000,348
643820,348
583030,348
705230,348
1642110,348
1830530,348
754480,348
994280,348
562010,348
1166840,349
1445720,349
1799570,349
2153900,349
1867510,349
1970530,349
314070,349
241600,350
882200,351
790800,351
1207860,351
383150,351
1624880,351
1998450,351
2216090,351
790570,351
1135070,351
1675940,352
1777980,352
2558820,352
675890,352
1237560,352
947430,352
1502070,352
1352730,352
603490,353
535410,353
1032660,353
1049370,353
971430,353
779300,353
1642330,353
1963950,353
1062140,353
1131490,354
839340,354
459350,354
432290,354
748050,355
619270,355
809830,355
1926240,355
831070,355
2545020,356
1991670,356
464850,356
1952930,356
1522230,357
1697600,357
1509520,357
537020,357
1051900,357
248470,357
1296650,358
550840,358
1368350,358
2079800,358
1383670,358
477010,358
1494570,358
1035610,358
1489340,358
1530280,358
1918410,359
1500060,359
1315810,359
1592120,359
1491220,359
1558430,359
992200,359
288100,359
820640,360
1323350,360
1001390,360
342510,360
589240,360
2255970,361
271240,361
1094820,361
1084020,361
1462720,362
1036120,362
2392060,362
2142030,362
1066440,362
403290,362
1671180,363
1650040,363
876960,363
1584440,363
1602590,363
690820,363
292410,363
1871740,363
1094420,364
1717370,364
696490,364
1734350,364
488690,364
521790,364
2252830,364
1620850,364
781830,364
1477560,365
1292560,365
1761530,366
2314650,366
924650,366
2112200,366
2121480,366
1903200,366
1791400,366
738700,367
1253010,367
2294030,368
859920,368
1240530,368
1998340,368
2135500,368
1872870,369
1410100,369
1983480,369
1387010,369
337130,369
988890,369
1208380,369
671230,369
2355170,370
865850,371
1378940,371
1492930,371
2138000,371
1393970,371
683530,371
429380,371
1777980,371
791590,371
1288610,372
1739070,372
665120,373
861080,373
1599130,373
452120,373
525240,373
350090,373
936770,373
1156640,373
446250,374
1798130,374
2179380,374
670490,374
1906510,374
2378720,374
1711620,375
1032520,375
947300,375
2163480,375
1741490,375
209060,375
1399750,376
1226760,376
874090,376
927080,377
2566240,377
669520,377
384010,377
1158390,377
1112860,377
1267860,377
293880,378
1922990,378
536320,378
607050,378
1720540,378
392120,378
513710,378
1018850,378
575100,379
720560,379
265730,379
656210,380
1219600,380
2225250,380
1008920,380
493410,380
773120,380
1736140,380
1098610,380
688740,380
984780,381
674860,382
2149420,382
586240,382
506090,382
1338920,382
774151,382
1238000,382
1716250,382
1526750,382
259910,383
1279240,383
343410,383
873830,383
1683200,383
524520,384
1245300,384
1128660,384
1809860,384
712090,384
839240,384
2318440,384
619340,384
923550,384
717910,385
920500,385
1444920,385
1079300,385
756340,385
529660,385
837460,385
786330,386
807880,386
492400,386
895710,387
1467020,387
1323900,387
1851560,387
583930,387
260710,387
1438700,387
582210,387
1663870,387
221680,388
1776260,388
337290,389
878470,389
2099430,389
1592230,389
2301850,389
2319260,389
826380,389
1172820,390
226120,390
1561430,390
1503370,390
2518600,390
363950,390
795910,390
526890,391
1098080,391
1266980,391
1742820,391
712610,392
983340,392
2306450,392
368740,392
535190,392
971160,393
603390,393
1701950,393
1009950,393
1331410,393
1555210,393
1882580,393
323220,393
1966940,393
421110,394
1862790,394
462250,395
2498350,395
1455900,395
1041780,395
1642620,395
306510,396
534240,396
649600,396
1188430,396
2482950,396
1811040,397
815370,397
351480,398
816400,398
660340,398
770600,398
319050,398
2391990,398
1015120,398
894620,398
1350850,398
1519820,399
2074800,399
655950,399
770440,400
603550,400
629230,401
892170,401
1768920,401
461360,401
1380260,401
1723530,401
2629370,401
1471000,401
1255920,401
1458930,402
1275410,402
1766310,402
1576560,402
916820,402
1709070,402
1587210,402
1196350,403
2000950,403
1332490,403
1707770,403
745550,403
2154350,404
1055360,405
2026580,405
591140,405
1116230,405
953610,405
549950,405
288470,405
875540,405
1211930,406
2548950,406
570970,406
699470,406
1032660,406
1958340,406
1588590,406
530530,406
1058660,407
1954750,407
359160,407
1100260,407
485610,407
812940,407
1793000,408
1814060,408
951370,408
1478320,408
571260,408
1540470,408
1831870,408
856580,409
611860,409
729300,410
652330,410
567010,410
1650860,410
684400,410
588620,410
2292210,410
810460,410
514780,410
552700,411
1491680,411
915430,411
521340,411
972290,411
707040,411
1282120,411
1284140,412
290990,412
1544740,412
1618380,412
1827460,412
1206310,412
1194670,412
1642460,412
2501160,413
215830,413
460580,413
1904260,413
844040,413
298240,413
2353640,413
620900,413
607660,413
273800,414
454610,414
2663510,414
1454480,414
416550,415
1484150,415
629770,415
1057150,415
255960,416
1957160,417
1742170,418
1463130,418
1572810,418
815830,418
840940,418
300610,418
596260,419
552060,419
1849230,419
366230,419
1222390,419
445170,419
1426980,419
1311610,419
951000,420
625160,420
976870,420
1816650,420
542910,421
2620750,421
587690,421
822460,422
214770,422
541640,422
717960,422
1120700,422
967910,422
1810810,422
704440,422
389170,423
1799560,423
2207910,423
1051220,423
1858270,423
726720,424
855480,424
933970,424
272270,424
1878740,424
1436570,424
2452940,425
268500,425
396700,425
1838080,425
277270,425
1892790,425
883300,426
444690,426
337970,426
1201220,426
957770,426
982800,426
1417420,426
470280,426
683760,427
984070,428
251990,428
2362480,428
654890,428
1439710,429
1706980,429
1496180,429
877150,430
431950,430
1579530,430
2165420,430
1058640,430
312670,430
1785930,430
1202420,430
970830,431
1275660,431
1854050,431
1152670,432
581270,432
1607040,432
2562290,432
1413560,432
393380,432
2598290,432
644390,432
1825990,432
960590,432
747990,433
461430,433
1358510,433
1176990,433
563120,433
388340,434
784080,434
602130,434
800390,434
541210,434
1441680,434
411480,434
1719180,434
2113540,435
258950,435
510250,435
1138330,435
1028470,435
1034740,435
386400,435
341510,435
931090,435
864590,436
1520510,436
2558800,436
1177960,437
2340600,437
1537540,437
1655430,437
1067030,437
350880,437
1344690,437
802730,438
1626040,438
1069760,438
348510,438
965480,438
1652520,439
811720,439
1572990,439
1773540,439
675970,439
1217570,439
350310,439
1333500,439
1112840,439
818620,439
1357640,440
2547280,440
661450,440
368680,440
349780,440
768290,441
2192480,441
1727910,442
1032240,442
405290,442
1878770,442
546210,442
1572440,443
1181400,443
414370,444
1498660,444
788410,444
326650,444
384840,444
596540,444
1744650,444
497270,444
288860,445
532120,445
955500,445
952120,445
513480,445
1255740,445
2069960,445
378450,446
644580,446
365190,446
559350,447
289930,447
1048950,447
1636270,447
1960010,447
1302930,447
408860,447
760400,448
600580,448
2472200,448
892310,448
2359610,448
1127210,448
263320,448
2462660,448
1558360,448
1585680,448
372490,449
1556550,449
2392070,449
1703500,449
952120,450
2212490,450
1841320,450
423580,450
694490,450
818890,450
1625840,450
1456650,450
794960,450
595430,450
1197030,451
779610,451
789930,451
466020,451
319320,451
689170,452
340700,452
690790,452
1315220,452
2370950,452
1949490,453
312520,453
772080,453
929400,453
680940,453
2183730,453
600580,454
1513300,454
407940,454
1170050,455
1775500,455
510430,455
856010,455
434600,455
560350,455
1083190,455
686580,455
1338160,455
1721940,456
565100,456
355420,456
947580,456
710110,456
1329630,457
718270,457
702160,457
1152160,457
655770,457
1431220,458
1573240,458
1688980,458
1563730,458
1809930,458
2542800,458
585900,458
351100,459
1865890,459
266410,459
1609710,459
819660,459
232970,459
2167130,459
1454650,459
1253930,459
1386310,460
1465120,460
1219230,460
2316750,460
717710,460
1703010,460
1443100,460
616660,460
321290,460
941120,460
278490,461
1193630,461
1626410,461
911690,461
509910,462
1443850,462
381340,462
538490,463
1251400,463
548170,463
359630,463
1775770,463
683890,463
1377010,464
1085340,464
292330,464
2486970,464
886220,465
1127180,465
1423410,465
1957590,466
1499930,466
708310,466
1156290,466
460220,466
718750,466
991750,466
660920,467
1964330,467
1699770,467
799590,467
282030,467
1234110,467
1220160,467
872630,467
1513450,467
1139980,468
1786930,468
941650,468
1831770,468
737510,468
683810,468
510680,468
672720,469
2305130,469
1374480,469
813290,469
1295270,469
1321590,469
2384720,469
426930,470
1697300,470
1779950,470
918780,470
577560,470
768130,470
2153050,470
632820,470
1917860,471
457450,471
1108660,472
1162630,473
1464930,473
1683310,473
892630,474
581840,474
1613530,474
714250,474
875110,474
835690,475
413680,475
617590,475
799860,475
544580,476
1779790,476
1493520,476
1386520,476
407050,476
505460,476
1780850,476
1043030,477
1286670,477
1608740,477
704230,478
665650,478
421900,479
2158710,479
1804820,479
1885880,480
741770,480
441230,480
672790,480
1577320,480
239030,480
738610,480
799340,480
532690,481
333130,482
1593700,482
2335590,482
1586540,482
1531650,482
1157220,482
548650,482
2091750,482
1261290,482
1095060,483
548130,483
842180,483
1655920,483
1692220,483
739820,483
1757680,483
1112890,484
2151700,485
1793030,485
1701520,486
843580,486
1204370,486
511090,486
1325270,486
1514300,486
1285210,486
786540,486
845960,486
295650,487
1419480,487
1386560,487
383270,487
1572120,487
402180,487
285840,487
865990,487
1889190,488
1150950,488
1046110,488
509560,488
893640,488
375450,488
780970,488
1800560,489
2532700,489
2026260,489
821720,489
1608220,489
238090,489
1569990,489
1220510,490
1161810,490
1607820,490
753390,490
1612620,491
607890,491
1142240,491
1520260,491
764920,491
1028900,491
2185860,491
1565290,491
355370,492
1651440,492
1677410,492
770460,493
1068720,493
356000,493
475240,493
1335020,493
1420300,494
710600,494
1999360,494
1537430,494
755040,494
975270,495
850960,495
706370,495
1356380,495
1732090,495
983760,495
1425030,495
636590,495
1152250,495
356710,495
1565060,496
690850,497
1345050,497
1904650,497
1877830,497
468540,498
893620,499
393240,499
1366810,499
1145780,499
1065410,499
2526620,499
963770,499
1591670,499
1238060,500
879450,500
1081490,500
291410,500
329490,500
746140,501
1336960,501
275570,501
375000,502
312350,502
543940,503
1580640,503
1646230,503
2510160,503
451080,503
1856860,503
2064580,504
1069360,504
465090,504
2374420,504
720350,504
717680,504
291710,504
495730,505
933290,505
948640,505
825350,505
1422410,505
1288330,506
418370,506
700750,506
1236160,506
368880,507
990940,507
1044870,507
809840,507
817920,507
509830,507
1901730,508
338290,508
718960,508
636330,508
347720,508
397870,509
1248150,509
1195090,509
527770,509
1361480,509
1519680,509
636970,510
685790,510
1386890,510
1891930,511
1296540,511
936600,511
1076770,511
1122750,512
2566520,512
967440,512
972200,512
672310,512
933690,513
1162630,513
1374430,513
2288070,513
526400,514
567020,514
2134360,514
1216080,514
425670,514
984810,514
330420,514
819630,515
1197160,515
827640,515
1005910,516
665510,516
1941220,516
572540,517
1220880,517
1944730,518
297120,518
1238630,518
1413170,519
1515460,519
294370,519
1513330,519
1342480,519
1794430,519
2084010,519
840510,519
1970050,520
2001220,520
1368340,520
815550,520
2464120,520
1330550,521
1576750,521
355060,521
1766270,521
1046490,521
2579870,521
1163740,521
1025070,522
1850690,523
366780,523
713420,523
1812300,523
535170,523
1519590,523
1199010,523
1664580,523
642190,524
2586820,524
2159920,524
1414250,524
1533570,524
333210,524
543950,524
979310,524
2087850,525
485310,525
2103640,525
859950,526
1118320,526
1262170,526
1187600,526
2541170,526
1148750,526
2053360,526
1267940,526
380680,526
1450410,527
766090,527
1531750,527
876300,527
916820,527
2016370,527
790390,528
1434940,528
798490,528
251770,528
1681060,528
308173,528
314510,529
1500110,529
2098130,529
465510,529
1904610,529
1676920,529
1389000,529
1596250,529
1405480,529
968310,530
529090,530
1915800,530
1195320,530
1252560,530
1273290,531
732770,531
435250,532
934600,532
1708030,532
2077700,532
564450,532
766090,532
2320460,532
2243710,533
856100,533
348160,533
513340,533
904680,534
1354540,534
628660,534
1716240,534
1744460,534
1588700,534
1823710,534
1677180,535
405780,536
667870,537
1175880,537
1207210,537
693050,537
582370,537
1726360,537
2125160,537
1357410,537
2438340,537
2192280,538
464630,538
1252510,539
2486670,539
1294920,539
540100,539
1437550,539
992260,540
711260,540
859990,540
562430,540
1923730,540
1033360,540
2081400,540
1035530,540
605310,540
1218570,540
1333980,541
1427710,541
1342540,541
1036200,541
419480,541
1780730,541
2206820,542
322990,542
2096600,542
230410,542
391650,542
1200150,542
1663140,542
725480,543
1312960,543
1696400,543
595090,543
1986840,543
815580,543
726950,543
1634320,544
1346120,544
1576280,544
1082770,544
799410,544
364810,544
1481910,545
741500,545
689720,545
489900,545
2056800,545
340580,545
252350,545
1992260,546
1860530,546
1171560,546
726260,546
1900930,546
1533940,546
1500230,547
1382890,547
1476430,547
1497180,547
1303990,547
937940,547
1549440,548
861410,548
589460,548
2513180,548
2090700,548
759920,549
853020,549
1429610,549
1362700,549
718710,550
355760,550
975000,550
815390,550
1736850,551
1136420,551
1948930,551
1526780,552
1505230,552
2396090,552
2154400,552
855850,552
1823070,552
2316290,552
1647550,552
324270,552
1216710,553
735520,553
944080,553
978660,553
337410,553
895470,553
345710,553
1020410,553
2130510,554
1779970,554
936180,554
1548830,554
429050,554
1265650,554
929670,555
787640,555
1865220,555
1883320,555
1117480,555
360680,555
1050510,555
275670,555
714590,556
1772920,556
1862600,556
1793170,556
576120,556
1594440,556
1433460,556
2560740,557
1636070,557
2156440,558
649960,558
1010290,558
883300,558
542930,558
1054030,558
1595600,558
831120,559
353790,559
920800,559
268870,559
1618220,559
286540,560
1439040,560
1054350,560
2291390,560
835640,560
699970,560
266090,561
1245670,561
622870,561
2085240,561
791750,561
1452770,561
470590,561
1906540,561
461940,561
582550,562
1576900,562
552210,562
588750,562
284850,562
2264310,562
300510,563
1435470,564
1337810,564
534230,564
425010,564
1946650,564
1725360,564
455820,565
1390300,566
1552530,567
1891090,567
623320,567
755040,567
1488700,567
2512280,567
1101290,567
1032450,568
1915160,568
438720,569
1425510,569
1741130,569
1457570,569
691650,569
1278200,569
645820,570
1821580,570
298840,570
1022450,570
774861,570
603330,570
563910,570
688780,570
861940,570
1421700,571
929690,571
994310,572
453030,572
830540,572
2327730,573
1856020,573
735350,573
477310,573
960900,573
1589450,573
1724580,573
1102260,573
1241500,573
1626890,573
761990,574
1603410,574
1577190,574
570970,574
462940,574
1407860,575
847790,575
895600,575
450670,576
319400,576
716750,576
1678520,576
1071080,577
2004340,577
2323980,577
1003750,577
994320,578
849167,578
392040,579
646150,579
1076770,579
906510,579
1249800,579
1659800,579
1793200,579
788890,580
428370,580
1272120,580
403180,580
1331610,581
1900860,581
1159660,582
688750,582
1726120,582
1029100,582
1029380,583
2669000,583
898310,583
1530750,583
886730,583
555170,584
1241100,584
983070,584
889220,584
1166240,584
939410,584
346630,584
2272010,584
468650,584
464950,585
512750,585
686520,585
1140170,585
427290,585
1129680,585
2314240,585
1606490,585
278620,586
834380,586
409370,586
286520,586
642000,587
811040,588
742510,588
1379020,588
2264310,588
1115610,588
778470,588
1398270,588
787460,588
252410,588
1250350,589
325090,589
827640,589
1141550,589
1218810,590
1236330,590
667410,590
2578550,591
638970,591
1453870,591
829490,592
1230000,592
1657600,592
496510,592
1580240,592
2215780,593
570380,593
1307880,594
1446540,594
896550,594
1588700,594
607350,594
765710,594
511960,594
434620,594
881310,594
1320140,595
1873540,595
956500,595
1971820,595
1764790,596
1359870,596
2587040,596
262690,596
1331860,596
1102700,597
989450,597
1720470,597
509450,597
1548910,597
2086180,597
2078040,597
1533050,597
1053830,597
1003370,597
539720,598
1481710,598
1149830,598
627270,598
1142810,598
995700,598
962650,598
398140,598
978250,598
454520,598
1147090,599
625630,599
1146170,599
1593920,599
748980,599
1419670,599
877610,599
1090190,599
1125290,599
654350,600
224040,600
878540,600
1280780,600
2347180,600
538790,600
1305690,600
2590830,600
1744060,600
628350,601
1652300,601
2002700,601
1061880,601
405710,601
369580,601
1635600,601
283310,601
1152890,601
1037430,602
636430,602
1251520,602
2050120,602
2109460,602
1255970,602
657400,602
373290,602
1603280,602
2311680,602
1527080,603
700650,603
558850,603
1030520,603
1223670,603
1010170,603
1835840,603
592890,603
746400,603
1491720,604
342550,604
1781380,604
1906540,604
686870,604
1172410,604
1207420,604
291930,604
693430,604
1001590,605
1542670,605
1535040,605
1453200,605
1227900,606
2053750,606
1090910,606
559650,606
567340,606
2197760,606
2062800,607
1356300,607
1007940,607
502450,607
1554020,607
1512940,607
1217880,607
750080,607
1726050,607
954410,608
1708320,608
772540,608
2195750,608
1122710,608
613610,608
711990,608
613390,608
550340,608
1883580,608
765910,609
2206460,609
1625280,609
1054710,609
1561610,609
739880,610
2419880,610
1291050,610
681660,610
310700,610
1141050,611
242780,611
1248510,611
1821430,611
1328920,611
1254320,611
433670,611
1547970,612
1013970,612
567590,612
1685510,612
327880,612
1612110,612
700200,612
562010,613
2318780,614
749650,614
709450,614
912550,614
756810,615
903740,615
857110,615
1313330,615
1585030,616
698340,616
486660,616
1698920,616
572700,616
1552310,616
687640,616
1116600,616
1243370,617
1141860,617
548710,617
860950,617
1810610,617
756500,618
1732480,618
1030840,618
2131200,618
288790,618
624550,618
379990,618
377100,618
1371000,618
392820,619
1685510,619
2372380,619
747970,619
979620,619
1189040,620
2629210,620
1402000,620
1043360,620
1883090,620
1403830,620
600990,620
1245350,620
562410,620
1535790,621
2336420,621
1315270,621
2475330,621
391390,622
1341450,622
1010410,622
1950370,622
1624340,622
670820,622
1380390,622
1500960,622
1895650,623
586680,624
989370,624
1333020,624
333650,625
1084770,625
2628390,625
544000,625
603330,626
392280,626
778110,626
1911010,626
1012580,627
1114110,627
466890,627
750130,627
2570950,627
758190,627
513320,627
1390490,627
1731690,627
503550,627
570950,628
1506980,628
1963080,629
1767760,629
667410,629
1245930,629
1694610,629
1596820,630
2479000,630
885120,630
1937160,630
433350,630
1622330,630
2530050,630
1838660,630
265330,630
408440,631
24058,631
1014900,631
336030,631
2287960,631
555400,631
552960,631
1403310,632
435050,632
2102750,632
1541100,632
1422090,632
1689480,632
2074500,632
723830,633
851920,633
671180,633
2060320,633
2216090,633
1927570,633
1223110,633
1072150,633
1049270,634
490870,634
453090,634
2453710,634
1490860,634
485830,635
1054520,635
1097310,635
1461570,636
1271990,637
356580,637
492720,637
1788100,638
1095380,638
413710,638
1191080,639
945850,639
1286280,639
1770230,639
871280,639
1703140,640
451080,640
921740,640
1225710,640
1801620,640
2299520,640
969340,640
777880,640
2378840,640
319760,641
2368070,641
1567520,641
939740,641
1511320,641
1345750,641
1115970,641
767560,641
537630,641
442780,642
470590,642
864370,642
1383720,642
1036660,642
1870150,642
932530,643
885970,643
1428160,643
598170,643
1311250,644
269770,644
1925170,645
461580,645
627910,645
289840,645
2024840,645
882080,645
1933510,645
1853890,646
2139310,646
964170,646
2250820,646
855770,646
1859640,647
2545020,647
526800,647
1489390,647
1103040,647
2054730,648
630360,648
338300,648
1683580,648
1263120,648
253860,648
1230990,648
457520,649
1710290,649
865370,649
598980,649
2265440,649
1568790,649
502130,650
358360,650
298380,650
375200,651
781780,652
359050,652
933840,652
1547070,652
690120,653
716230,653
1333020,653
1369760,653
1048300,653
443370,653
488590,654
451130,654
571340,654
1058220,655
696360,655
1480690,655
1559700,656
1390870,656
1214050,656
1281100,656
900010,656
1556430,657
905450,657
1061920,658
1762270,658
706690,658
2477490,658
430080,658
1231460,659
2444210,659
1870810,659
2560590,659
1337600,659
1370610,659
1397980,659
814140,660
1987900,660
507080,660
1373260,661
1467390,661
806580,661
1138440,661
388450,661
1716500,662
2256950,662
278440,662
1162430,662
2427960,662
964110,662
1995330,662
615610,662
2434400,663
1679490,663
1383440,663
1230980,664
1878970,664
345010,664
639130,665
1056490,665
1934180,665
1753160,665
581740,665
1155440,665
279160,665
1588110,665
379720,665
880180,666
896840,666
1427130,666
655430,666
352210,666
764780,666
1590850,666
1560110,666
2535600,666
366460,667
1330170,667
905590,667
2355000,667
917130,667
916910,667
1298850,667
602590,668
2255820,668
1260160,668
951100,668
352780,668
686550,668
2650800,668
1823260,668
376520,669
411130,669
2262770,670
890720,670
542210,670
993890,670
1147660,670
535260,670
1471730,670
1804130,670
1463140,670
1600890,671
505270,671
517220,671
944120,672
1899350,672
273070,672
1308760,672
2208960,672
1542450,672
600690,672
2360690,673
1518870,673
576380,673
1599510,673
345030,673
1326110,673
571880,673
398990,673
686720,674
1803590,674
882790,674
740570,674
1569120,674
304170,675
1098940,675
337650,675
1776260,675
252350,675
950360,675
857080,675
1922100,676
1506600,676
515980,676
1217220,676
1035760,676
334360,677
2211400,677
1077390,678
1957910,678
1176470,678
1753730,679
676800,679
532070,679
647820,679
1286680,680
1617270,680
386080,680
1735280,680
2103290,680
669580,680
823370,680
624780,680
944840,680
1896010,681
2095070,682
1835560,682
1366570,682
938520,682
833660,682
810470,682
448300,682
1558530,683
1748980,683
491510,683
532190,683
1202120,683
1889870,684
1499210,684
1221080,684
379760,684
434970,684
2546600,684
911130,685
460920,685
736110,685
853780,685
2469360,685
1507620,685
298950,685
1070400,685
1361010,686
1525560,686
738520,686
1382790,686
1128830,686
1809480,686
1055540,686
1777550,686
1852600,686
520540,686
769200,687
2642040,687
391720,688
238010,688
415840,688
1369340,688
1382370,688
595260,689
1989800,689
1803690,689
1173850,689
1551530,689
823830,689
864880,689
1465830,689
1663140,689
285440,689
1358840,690
632020,690
1110980,691
2322180,691
2266370,692
754930,692
1156770,692
557950,693
1746730,693
1304130,693
315930,694
911280,694
1595770,694
1362860,694
521690,694
1227730,694
1793210,695
479200,695
1698910,695
1527070,695
370190,695
788390,695
1701830,695
1204490,695
2608300,695
1667190,696
1781880,696
781230,696
2509710,696
1665130,696
214420,696
979520,697
1079420,697
664290,697
2193410,698
1248960,698
1884030,699
1817670,699
1098660,699
450630,700
1207390,700
1174400,700
676030,700
440870,700
948770,701
1025070,701
1296290,702
818210,702
1401150,702
851950,702
672720,702
739010,702
1564020,703
628800,703
469990,703
1484750,703
851100,704
1147390,704
243470,704
434870,704
2391780,704
1713190,705
1545780,705
1349720,705
1796630,705
1556120,705
1248030,705
488220,705
1789050,705
1104320,706
1683050,706
1699130,706
508910,706
337650,706
395350,706
1547250,706
1814270,706
1125800,706
1968140,707
513960,707
2443360,707
1433870,707
1114870,707
547540,707
1259390,708
1640780,708
732470,709
865680,709
386590,709
1063770,709
997340,709
1837780,709
1648000,710
927270,710
307150,710
497510,711
1264140,711
1043890,711
324810,711
981770,712
1339790,712
989550,712
624630,712
1259370,712
2143050,712
749800,712
286730,713
1761750,713
1746540,713
1196550,713
972500,713
466890,713
1714240,714
937310,714
504770,714
1834950,714
359800,714
1287750,714
295990,715
1253580,715
1459530,715
991260,715
325090,715
395920,715
703980,715
1569470,715
1674170,715
785770,715
1486840,716
515020,716
722190,716
655180,717
968540,717
457770,717
362780,717
882680,717
2087850,717
1623080,718
1203050,718
2582410,718
1140170,718
1170080,719
529100,719
1676420,719
951330,719
1883990,719
526440,719
755760,720
454030,720
1149630,720
887850,720
1086060,720
803750,720
419000,720
906930,720
547130,720
761770,721
813260,721
1269710,721
458470,721
326460,721
684040,721
707010,721
799110,721
2611200,721
353280,721
704440,722
1998470,722
1294680,722
822640,722
2090480,722
959540,722
1176000,722
838190,723
1005890,723
2514430,723
1943450,723
794240,723
1884850,723
1730820,723
1411940,724
1320240,724
1178210,724
1695830,724
420360,724
641960,724
2665660,724
2354970,724
1030580,724
1425410,724
255280,725
1435660,725
875660,726
980730,726
828030,727
1577290,727
1451010,727
1198070,727
1488250,727
1838130,727
381140,728
1611420,728
2535380,728
512700,729
1693390,729
2375550,729
1863080,729
738900,729
1868000,729
1186340,729
1798130,729
1076880,729
573100,730
430080,730
1036700,731
649870,731
1102880,731
1744580,731
1692890,731
1869710,731
674120,731
970680,731
2577330,732
732160,732
369640,733
1362190,734
1169000,734
2390170,734
1265570,734
989790,734
348620,735
677160,735
829760,735
1546350,735
2508950,736
927370,736
1283220,736
535010,736
476030,736
311190,736
2436390,737
339350,737
341030,737
1978080,737
455690,738
2020090,738
535000,738
727490,738
923710,738
525050,738
1436930,739
1961780,739
2474790,739
1758030,739
253370,739
257850,739
1024630,739
696910,739
2486620,739
1914530,740
1517830,740
503130,740
1423410,740
1360670,740
388300,740
465180,741
1979570,741
359250,741
1999990,741
1822640,741
245280,742
349980,742
2417250,743
2493950,743
1002020,743
343630,743
972560,743
351420,743
743640,743
356910,743
395140,743
1159940,744
1252390,744
1835260,744
680420,744
692590,744
801220,744
1756750,744
2188230,744
1863100,745
789520,746
1147760,746
469830,746
1750170,747
1216080,747
273960,747
1532240,747
872350,747
2025960,747
2412730,747
449820,747
274980,747
2433760,747
1026400,748
2062160,748
1180700,748
2478940,748
1264760,748
764280,749
227080,750
1132490,751
1564940,751
1137860,751
891850,752
251630,752
973390,752
930630,752
404550,752
871710,752
1674640,753
1114660,753
891040,753
2221100,754
1798690,754
989540,754
837500,754
923590,754
572710,754
1779190,754
2573350,754
1580750,754
926720,754
395160,755
544000,755
1022270,755
2105860,755
778120,756
407120,756
1124000,757
684530,757
995870,757
246800,757
749960,757
355060,757
1863650,757
1343580,758
1915450,758
401510,758
814610,758
444970,758
2661410,758
1238840,758
1359870,759
338090,759
517300,759
1092630,759
477270,759
1303270,759
893950,759
2152060,759
665900,760
646270,760
882120,760
597230,760
1058270,760
916820,760
2193870,760
513840,761
1845840,761
290180,761
2010110,761
886270,761
1289060,761
2534010,762
2390310,763
450060,764
704350,764
566350,764
2139300,764
751330,764
339460,765
722890,765
367660,765
1530630,765
1969720,765
1977740,765
1272010,765
356510,766
368140,766
1586530,766
649580,766
1228570,766
1670810,766
1558730,766
431240,767
1472260,767
1160790,767
934540,767
1272300,767
870730,767
960700,767
1550760,767
339440,767
1457740,767
1868980,768
476710,768
1137900,769
343830,769
1033360,769
774651,769
2121490,769
1331240,770
715510,770
1277400,770
2316430,770
728020,770
1139200,770
343320,770
1697790,770
282530,770
1025450,771
814650,771
436490,771
770400,771
916630,772
1210610,772
500710,772
1531070,772
1481700,772
883300,772
993370,772
1040740,773
1499720,773
332150,773
1351380,773
1579380,773
1638870,773
1895240,773
359550,774
453990,774
809140,774
619880,774
1596690,774
1965680,774
1483330,774
894940,775
245390,775
1158280,775
1611930,775
1132410,775
2170490,775
416630,776
1360850,776
667630,776
2269880,776
1739200,776
325180,776
252550,777
736710,777
514180,777
726430,777
247307,777
742540,777
1681560,777
2413230,778
2118910,779
748420,779
1054180,779
1507970,779
975050,779
226580,779
1491910,779
1345370,779
1312190,779
516820,779
1000500,780
1278140,780
1222250,780
1191540,781
1008580,781
115800,781
861180,781
2376340,781
1072270,781
329680,781
868270,781
2345890,781
783330,782
1029050,782
294040,783
315840,783
773740,784
720280,784
2536650,784
1269950,785
1406250,785
1184470,785
1004790,786
1579190,786
2005710,786
956200,786
951470,786
674890,786
2280570,786
1498900,787
1796180,787
540230,787
302260,787
432500,787
453300,787
428210,787
1257670,787
1079970,788
1450410,788
925600,789
2583950,789
1249290,789
393290,789
1176480,790
1567830,790
2202900,790
401680,790
767110,790
1189290,790
408930,790
313870,790
1530790,790
1037010,790
555950,791
395580,791
500870,791
663060,791
1545380,791
1035890,791
994170,792
376880,792
1612780,793
833660,793
1808900,793
1824960,793
933820,793
2242710,794
1147690,794
2003050,794
2627380,794
791380,794
1676550,794
2438340,795
962250,795
1520380,795
1772810,795
1337070,795
1871620,795
436950,795
2125420,796
1265390,796
466050,797
979220,797
1439030,797
689040,797
603660,797
1499780,798
813920,798
333220,798
1878310,798
1536690,798
657550,798
1143430,798
853550,798
1794190,798
1565650,799
1441210,799
622950,799
1555560,799
938510,799
1825900,799
1832260,799
1866780,799
1453480,799
1243260,799
835650,800
683670,800
884090,800
1973700,800
2206310,800
1375400,800
1197960,801
1613960,801
1314160,802
2631470,802
949930,802
1446370,802
1635780,802
1150810,802
562420,802
383460,802
265630,802
346240,802
948510,803
1994630,803
880370,803
2184110,803
476360,803
1032140,803
617720,803
1912510,803
1065950,804
470300,804
1125480,804
2234930,804
504840,804
798170,804
1553170,804
604500,804
1511230,804
1330010,804
1113530,805
520680,805
1960320,805
1629770,805
321870,805
716760,805
842590,806
894110,806
673880,806
1145810,807
489900,807
786510,807
1343640,808
1432020,808
465860,809
1035860,809
788020,809
1708820,809
771410,810
744050,810
1001930,810
564940,811
637110,811
1220070,811
1222670,812
686910,812
685730,812
350010,812
872400,812
265690,812
1598490,812
740990,812
241720,812
867050,812
1123570,813
499110,813
528190,813
689210,813
1570620,813
691420,813
1491480,813
1506300,814
1244630,815
1994940,815
1173730,815
2559160,816
2193050,816
1465480,816
1144170,816
284220,816
2162900,816
2466370,816
1032590,816
448560,816
339190,816
527110,817
2103940,817
1392960,817
259620,817
250640,817
1942540,817
2356050,817
1143420,817
1102200,817
982750,817
792500,818
929910,818
904600,818
1481680,818
969060,818
1054590,818
1105620,818
692850,819
1438100,819
904640,820
278890,820
472060,820
1683690,820
422030,820
916840,820
1571220,820
1059300,820
491800,820
263300,821
284910,821
1120560,822
1463210,822
1328470,822
1546120,822
1094130,822
1331650,823
304500,823
803800,823
938710,823
440870,823
2022110,823
1483800,823
803310,823
2300380,823
1599560,824
2100230,824
576730,824
1145120,824
880570,824
977840,824
567340,825
236870,825
429270,825
1412120,825
580170,825
921050,825
869060,825
2451110,825
254300,825
1258440,826
1250810,826
1538400,826
1873440,826
2303350,826
1360130,827
1634080,827
423600,827
1304350,827
1834540,827
2425400,827
1830210,827
1587430,827
586020,827
888670,828
843790,828
1537080,828
757320,828
339560,828
2150660,828
1554760,828
496380,828
1147840,828
388800,829
774361,829
339610,829
965680,829
1094060,829
1463350,829
1952030,830
1549070,830
668350,830
2147260,830
586750,830
2074690,830
1266120,830
822460,830
995140,830
1217900,831
2548710,831
1265660,831
1284870,831
2225690,832
1417020,832
1804440,832
1217070,832
985720,832
1177610,833
1377140,833
952030,833
1818840,833
830750,833
1145490,833
365210,833
829370,834
1420740,834
1267770,834
2199930,834
760640,834
428800,834
371360,835
231430,835
928130,835
1598370,835
1310480,835
296210,835
684380,835
2143150,836
1850550,836
1133790,836
957660,836
1136110,837
2395150,837
718330,837
491100,838
687630,839
1606620,839
2196100,839
1012450,839
538000,839
845880,839
1632360,840
853050,840
1450720,840
892510,840
514530,840
1733880,840
391780,841
355860,841
1148090,841
672250,841
1592190,841
1263680,841
1451720,841
268200,841
802360,842
269470,842
576700,842
726160,842
1558320,842
830980,842
963370,842
1497180,842
1177390,842
1127460,843
319180,843
1204720,843
698770,844
1379380,844
1384550,844
285440,844
2434480,845
404540,846
850630,846
928140,846
2129850,847
1953490,848
1995490,848
666590,849
1613190,849
1389850,849
1949050,849
355010,849
851370,849
2567490,849
1473100,850
1331440,850
553880,850
734380,850
2473790,850
419020,850
2378310,851
566270,851
1389410,851
672450,851
2022880,851
906600,851
2126400,851
565330,851
536490,852
1343050,852
1182060,852
1611460,852
263500,852
312200,853
593400,853
2018260,853
2062390,853
1675100,853
364820,853
529590,853
850930,853
1865010,854
1025320,854
1396380,854
1509750,854
493920,854
2095080,854
1089080,854
525780,854
251510,855
1103430,855
487180,855
2342150,855
1043510,855
591630,855
948490,855
1511490,855
415900,855
774131,856
709780,856
1975860,856
915730,856
465870,856
433890,856
616640,856
1000080,856
286380,856
1426400,857
1341650,857
1285820,857
1783700,857
1547090,858
1232010,858
1194830,858
2466740,858
1369770,858
1702550,858
1946590,858
950510,858
495010,858
837600,859
563370,860
449070,860
536960,860
1278060,860
945550,860
645420,861
691770,862
344820,862
1720600,862
621880,862
1298140,862
960040,862
2193380,863
1879380,863
1602600,863
353630,863
588560,863
489120,864
1079320,864
352520,864
730300,864
1831520,864
1007180,865
329690,865
1464050,865
885000,865
1275890,865
2377520,865
1451190,865
1254200,865
1155390,865
1505440,866
1378100,866
277460,866
689000,867
2080690,867
1871840,867
914950,867
572890,867
2012160,867
447100,868
1563820,868
266390,868
2551310,869
619550,870
401810,870
305720,870
1108590,870
667410,870
1162130,871
1067100,871
1835810,871
1291610,871
1448090,871
2546620,872
493810,872
1071240,872
1164100,872
1134390,873
1966240,873
1889330,873
464630,873
816410,873
438340,873
600480,873
770860,874
923690,874
1688580,874
1625130,875
268850,875
2429220,875
392100,875
957660,875
658710,875
1396630,875
465670,875
1348880,875
589160,876
370590,876
2058970,876
585360,877
1548400,877
1878570,877
1920660,877
924800,878
2389600,878
458760,878
1108170,878
1454110,879
1464000,879
1360260,879
429600,879
598430,879
1017900,880
325420,880
1060160,880
490920,880
1420980,880
1713170,880
944380,880
945530,881
1078930,881
318600,881
782610,882
448240,882
751690,882
1730690,882
2536660,882
783060,882
800130,882
1005450,883
1951910,884
1614270,884
499460,884
1332210,884
1261990,884
871210,884
1727840,884
1111760,884
1141020,885
839620,885
1658880,885
356100,885
1515730,885
1201630,885
1120420,885
2663770,885
1215600,885
412640,885
398450,886
1307810,886
220090,886
1686850,886
337700,887
791590,887
600150,887
2212840,887
2277610,888
2495700,888
746030,888
1394460,888
1469090,888
860450,888
709400,888
1553230,888
2539800,888
1901560,888
899990,889
520810,889
1132970,889
306930,890
615340,890
548560,890
731320,890
1758060,891
431950,892
377310,892
247950,893
785930,893
1564340,893
1326220,893
505680,893
809250,893
1127980,894
1580890,894
837930,894
1030760,895
330620,895
1173820,895
544710,895
731650,895
1247210,895
1101760,895
666040,896
832540,896
2465530,897
1323480,897
1245620,897
979920,897
800390,897
631240,897
859950,897
2452940,897
513340,898
301150,898
1584720,898
1334050,899
732430,899
711070,899
282680,899
516740,899
1827500,899
2303320,899
1275880,900
1702350,900
1888160,900
1299880,901
1752250,901
1051950,901
1048530,901
1409180,901
1901510,901
1666430,901
1062540,901
930970,901
723890,902
819040,903
559250,903
2482130,903
769170,903
964240,903
1064320,903
1595930,903
924970,903
340000,904
342890,904
1534200,905
716920,905
713030,905
966330,905
1724000,905
2215500,905
1584770,905
732800,906
1119790,906
872670,906
1867190,907
1115450,908
462570,908
863430,908
1470060,909
702890,909
1601890,909
440900,909
1366810,910
1466570,911
2256520,911
285010,911
2075240,911
1918410,911
793630,911
314570,911
985530,911
679620,912
1076950,912
737830,912
403660,912
1527270,912
1838860,912
496590,912
613330,913
339560,913
2462660,913
434140,913
584370,914
2433960,914
2397400,914
425300,914
1522950,914
673000,914
593070,914
375230,915
680890,915
1942490,915
466100,915
657500,915
1633230,915
263940,915
1387060,915
567590,916
1556350,916
285820,916
1450180,916
647080,917
1748970,917
332650,917
544810,917
1781050,917
355800,917
670950,918
1007040,918
1130990,918
1318560,918
758400,918
2026870,918
744430,918
932970,918
366050,919
1652120,919
1102720,919
512700,919
2625380,919
1447060,919
524850,919
838940,919
408990,919
1701150,920
742120,920
2357990,921
2431100,921
1534240,921
496350,921
585090,921
555630,922
2091410,922
1071170,922
575400,922
950050,922
960240,922
1507620,922
1222210,923
625180,923
1181470,923
1014360,923
224480,924
1034270,924
1651730,924
1218680,924
2535830,924
1367130,925
544290,925
1076790,925
565600,925
402620,925
613370,925
322080,925
1920800,925
375930,926
1155600,926
1492160,926
438720,926
1425760,927
753670,927
851570,927
814990,927
330500,928
864300,928
2054850,928
1381270,928
867250,928
479100,928
2171750,929
454060,929
241300,929
2437950,929
222180,929
1189060,929
1673530,929
459630,930
2109640,930
765530,930
550400,930
1330890,931
781680,932
1127030,932
1724980,932
1072420,933
2236820,933
1254670,933
2460050,933
404750,933
768200,933
935580,933
1225710,934
785930,934
547360,934
2236820,934
2071770,934
1361490,935
2079710,935
730010,935
2267450,935
1902110,935
1591690,935
808420,935
1324560,936
806230,936
648150,936
2285000,936
1104030,937
1201870,937
2011030,937
530390,937
982480,937
1591670,937
965640,937
917550,937
262120,938
699410,938
1602080,938
653780,938
1397010,938
960220,938
2342760,938
819330,939
1795430,939
1090630,940
839410,940
691910,940
2312340,940
682630,940
1443030,941
860260,941
306370,942
1931050,942
1123550,942
1548620,942
683620,942
1383120,942
602930,942
2647500,943
1261880,943
1610840,944
1123510,944
1298830,945
1459660,945
296050,945
652060,945
2563570,945
2269320,945
654520,945
1741670,945
1132100,945
1017490,946
413470,946
428550,946
1048960,946
370090,947
1803060,947
1239300,947
1867550,947
727480,947
336520,947
655180,948
2213640,948
802720,948
1491390,948
1563770,948
949770,948
251630,948
1067400,948
678460,948
539670,949
900380,949
315660,949
1143770,949
1194330,949
1244860,949
317850,949
640990,949
461500,949
2297210,949
1974310,950
1339850,950
2072040,950
2171010,950
2192060,950
1767930,950
1114260,950
1755060,950
1115040,951
584780,951
376130,952
1039970,952
2207910,952
860480,952
450170,952
2144530,952
1675090,952
2668270,952
1912380,952
585360,953
2075230,953
276300,953
409730,953
934510,953
699480,953
1594130,953
1114340,953
1199740,953
1368950,953
984690,954
1399540,954
1454240,954
274520,954
1271620,954
1040590,954
661000,954
1752400,954
518800,954
514290,955
1112890,955
1437410,955
320410,956
1185340,956
1226530,956
2451030,956
826470,956
1278290,957
299090,957
1034810,957
1200400,957
485130,957
706370,957
638740,958
2644550,958
1891300,958
241620,958
1099400,958
475190,958
1444420,958
881730,958
923880,958
924100,959
477170,959
2589320,959
801550,959
823950,959
1095710,959
427100,959
1620490,959
1345370,960
681800,960
2145960,960
1251380,960
1052380,960
793570,960
989790,960
908740,960
390730,961
1547220,961
1012650,961
348870,961
731920,961
718720,961
369860,962
898950,962
1186280,962
928070,962
293520,962
929120,962
572160,963
1576490,963
412220,963
1059880,963
438600,963
1222260,963
1589830,963
1138660,963
451880,963
1501410,963
1104960,964
1090590,964
1296410,965
1024670,965
2225480,966
300550,966
1762410,966
808580,966
658510,967
1341310,967
724520,967
1339800,967
2066430,967
743960,967
1000540,967
352070,967
319740,968
1905940,968
2072480,968
1961500,968
2093640,968
816560,969
314650,969
925930,969
652270,969
2314720,969
1258730,969
1217880,969
587000,969
914620,969
420740,970
1353100,970
508730,970
621810,970
2248580,970
492160,971
1553990,971
354780,971
675170,971
1429890,971
2371880,971
2142230,971
1574530,972
1900930,972
1094390,972
436390,972
666220,972
1167640,972
1197150,972
1814100,972
1205160,973
801120,973
534780,973
1973470,973
693700,973
1876410,973
1740990,973
434020,973
1821910,973
720940,974
1610700,974
656340,974
451130,974
1453660,974
615730,975
1144100,975
840920,975
1119970,975
1742840,975
1737690,975
282050,975
864430,975
725020,975
1032730,976
842870,976
1292880,976
2086570,976
1059860,976
758530,976
322930,977
931200,977
651690,977
767970,977
285380,978
1245640,978
1443900,978
2278010,978
588490,979
1074310,979
2219140,979
1584190,979
623820,979
708510,979
564100,979
874040,979
1511320,980
996650,980
2058660,980
1780880,980
854950,980
636400,980
362310,980
1586620,980
1304550,981
394480,981
1663970,981
640300,981
495820,981
1590840,981
1204990,981
1735930,981
761110,981
1135760,981
1192420,982
868130,983
1913810,983
1412560,984
1020340,984
1186640,984
800640,984
1159610,985
1419870,985
222880,985
1301950,985
1375300,985
1058840,985
1159070,986
359840,986
974010,987
1495250,987
1199940,987
2499470,988
779990,988
418070,988
818150,988
1842930,988
1288090,988
728020,988
1553650,988
1580890,989
1063340,989
1469960,989
1010230,989
1477730,989
1481030,989
1948210,989
1744380,989
1846630,989
2292060,989
1432630,990
449800,990
390560,990
566670,990
2534620,990
1005780,990
1303370,990
1406240,990
531240,990
336940,991
1191260,991
1890550,991
639730,991
1470130,991
1002360,991
591940,991
1145050,991
719040,991
2023670,992
916730,992
1427680,992
1042780,993
1377160,993
508230,993
1388140,993
637040,993
1124660,994
896350,994
786450,994
500440,994
246960,994
1335910,995
589300,995
1454060,995
426310,995
640690,996
1055490,996
1738850,997
1354830,997
1248870,997
922630,997
2453690,997
1489400,998
1274560,998
1320110,998
1287240,998
383950,998
1950620,999
1354460,999
785560,999
1607850,999
533180,999
956450,999
586960,999
1252320,1000
1275640,1000
1174300,1000
1564930,1000
