"library_id","games","user_fk"
1,0,"7d05d4b8-56d2-4126-8292-37665514705f"
2,0,"17b42209-b654-4198-ac3f-b897707ebaf0"
3,0,"5d561e94-ebbe-4adb-83fc-392a33d46a37"
4,0,"3cbb6cd1-8828-4a20-bbab-07ccf624628c"
5,0,"11155dfe-c14c-45e3-af93-d67f53501356"
6,0,"47e0cf9f-584d-4d49-bf0f-25fd6194631f"
7,0,"9cf75047-b2c3-472f-b1c1-d052d3f502ee"
8,0,"7f2e7fa7-1e2b-4075-9560-8c15807420e5"
9,0,ea6ef976-62ab-46bf-a535-eb7ea868bc6c
10,0,"6641f795-bbaa-4ad8-aa2e-2f044f2c3520"
11,0,"11880993-18eb-4660-a519-cd48d6add5da"
12,0,b4ab46fb-ca8c-403f-9cd1-d5fa135654e8
13,0,"02d1ca3a-7614-4578-a2b5-216519278f04"
14,0,"452c5430-b74a-42c5-8cc0-4b2417b95e58"
15,0,"965cb175-13bf-49ac-9cc2-b1e9456fb80b"
16,0,"3dd5cb15-2181-48dd-a1ac-823df46b1f57"
17,0,"94331fbc-ccb4-4be7-bf39-73fab66785e0"
18,0,c3d141cd-6502-4e5e-988b-a424ee0a94f3
19,0,a664204e-7d5e-4d56-ac93-5019d4bead3c
20,0,a58dce9c-cf3c-47fc-bb0d-9b4887552eb6
21,0,f8ef1356-0633-4b21-b431-a4aea1ff9f8e
22,0,b15e70e1-de46-4783-9ff2-a180d00fffdb
23,0,e33f3bc8-2a98-4849-95f8-64aa6ae2b3f9
24,0,ee05ff2c-ec72-4465-8458-e7d1ea56827b
25,0,"123bbd46-56c6-47a6-9819-8fb09f3b7618"
26,0,ea967747-7e2c-49ce-ad61-be92cb32f963
27,0,e4b42d52-0ea1-48e8-ac03-7ea205c823fd
28,0,ef9c95a8-0a31-47ea-b7e2-296711bd69f9
29,0,"7a28be62-6f8d-4bc6-8c35-85e0724124bc"
30,0,be887ed9-c9aa-42e4-8146-bd4e17c4f80b
31,0,b7803a1e-3435-4f29-936d-f8c23243ac52
32,0,"5f104e6b-4106-4c82-9f2c-0323e29b6a21"
33,0,d50fce63-7186-4bc1-a5a2-b57edf5021bf
34,0,"29350c6e-e078-4ab7-8d20-2c1788a188e7"
35,0,f91a3ae9-b619-4518-a1cb-a7c024ab6fce
36,0,dec80c3b-9fd9-405d-b9c7-b3561cef7137
37,0,"0a661f95-3526-4a73-ba70-23d8c64cbf71"
38,0,d7f810a9-e1c1-4fc2-a782-766f2f0a46cc
39,0,"78d8bf5d-a40d-4d8d-afc3-ef7fdb92594b"
40,0,"596c7a77-4690-4db3-983c-a1c60722b710"
41,0,"28eb647b-c525-4a6a-ae22-12b199b2ed7d"
42,0,a28f130f-a0bd-4211-8d36-bc2a35d8ff8e
43,0,"48b37ab1-6057-4b5e-adb8-018b37db040d"
44,0,"66b142ce-03ad-4c8f-8517-c0c11d6c1bcd"
45,0,"13e10af3-f755-4112-b159-66960997670b"
46,0,"15e923ad-8593-455a-acd1-e5cad659b391"
47,0,b9eb975e-5987-4b96-b414-24a133ff18e3
48,0,"2f7d2df6-5182-400c-9435-8472be41720e"
49,0,"2e273b49-f26d-4744-a449-03d3790080a7"
50,0,"5454e36f-a7ec-4256-b4f2-4bc4d71003a3"
51,0,"37944645-bf91-44de-bf38-9e69aac27c33"
52,0,"756655dc-dd92-41cf-a5ba-3bed8000be62"
53,0,"9875764b-81e5-4d50-9e03-f9a90aaeb344"
54,0,"7971cb45-f4d8-4453-bf3f-97372dfc46cc"
55,0,"1e0ccc08-e999-46e8-9458-ff0b5aae6141"
56,0,a136b58e-a0a5-481a-9bb7-83869ba9f78a
57,0,"98fba9e4-c581-4f97-8e01-74b73508e30b"
58,0,"543683ef-8aff-4b0a-98af-4b65e37f9e4d"
59,0,"461cec11-bfe4-436d-b222-ad20f769d244"
60,0,"6adde9da-3276-4dd3-9a1c-1ae20cf74191"
61,0,b5a2d3de-c85e-4dd9-89ef-3da457d62b6b
62,0,d25c9fb0-24a5-4710-a85b-b1f4ded1c794
63,0,"58a825b2-b7bd-4e2f-a22b-a8c2b53e221d"
64,0,"3cca617c-fd25-416c-9bb4-f414e4795ccc"
65,0,"7084de7e-fa2c-48f8-9817-49dcd5fbd187"
66,0,"49b1998d-df4b-42ab-9657-acdbb0800f23"
67,0,fedefb4b-aa64-40ff-8c2b-535884f147d7
68,0,ef539f30-30d1-451d-a595-d10ce84d17a9
69,0,b3b1f87d-a1dc-411f-9804-b02202c2e054
70,0,cf5f8aa4-18d1-431e-b3e5-92f3c26c7af9
71,0,"250fc3a4-0a89-4246-a82f-3aa4af3f82d9"
72,0,"62a6843c-3454-4643-8ec8-d17870697a30"
73,0,"79fe127b-4fa5-4fef-a3e3-cca3e929e290"
74,0,e234a9ab-48c2-49c7-aeb7-ae471e219bcd
75,0,"76341155-f443-404e-b3f0-4155bb373718"
76,0,"68caac8f-4131-4e92-acbd-b716bd9a6a1c"
77,0,"38c9e625-81de-4a41-a316-01db518dc99e"
78,0,"24492e41-3c52-4789-bc6e-31d6e840d63c"
79,0,"557931df-6f22-4f35-a1f4-4adc1b11dd9f"
80,0,"5077f37b-24b5-4d7a-8b69-a8dc84601482"
81,0,cd1e8e3b-ad7c-4d6d-96d1-bb954dfcf445
82,0,a0865e4e-17b1-435f-8d8f-07baafb024b6
83,0,cbdeed99-57f5-4d53-83ca-a2d6321b02f4
84,0,"2c6e45b9-cc9e-4475-afe1-6edb429eb302"
85,0,"19d681ad-d8da-4305-aea0-4bf85a571d48"
86,0,"88bc929a-e810-4052-b437-11862b727ee6"
87,0,f96749f0-5ee9-47ac-831b-7341f0112904
88,0,fcae700b-51a5-4b77-8f17-0e4942775ea8
89,0,ca7247d8-9922-40f9-b6cf-7e9ee05eb16c
90,0,b5140b56-3725-443c-ae52-135cd4be081f
91,0,"81445bdf-d70b-44db-800f-bede1809e9a9"
92,0,"0c3676e7-eaea-4a64-85e9-b541fc8c7b83"
93,0,"525dff2a-94b6-4a5f-b184-f0c37f6761b1"
94,0,"9f22a975-74f6-42ab-b2ab-8999891a3a57"
95,0,d2fa0243-b184-4c76-9e74-baf01ec13bc0
96,0,e9bafb26-9eb9-4550-b542-e6abf709f2a0
97,0,"2e7af11f-01e0-407b-8bc2-a95f81785162"
98,0,"556f7dd8-c2be-4000-afd1-4fb77ed2ef51"
99,0,"660b5a7b-16d1-4b2f-9820-e4cb753ce45c"
100,0,"9365b5b0-174b-41e1-af7b-baef9e3178bb"
101,0,"77f01ae6-dbd9-4913-90aa-5e2eccaa3372"
102,0,"360e780a-4648-497b-ad26-98c8f47d7a56"
103,0,"36309bf1-e0a3-4aac-86cb-f8b9d55a98e4"
104,0,"9c0cf9f5-610e-41ea-966d-e6356caab2ca"
105,0,"8be19de3-f305-46d9-a8aa-c7ad09e8e860"
106,0,"3d495212-cd3b-452a-9e10-75114aa8f582"
107,0,"3206075e-49ee-449d-b5ce-db2b1a6bc8f8"
108,0,"7339097b-f0fc-4eb8-9798-c69dcd967f91"
109,0,"2c079ae3-b41a-4e57-ab7e-53ade3abcbb8"
110,0,"4fbcecec-4af9-4b20-a86a-bc398bbe28fb"
111,0,"36bd708b-62b7-449d-ae92-2098a26b4998"
112,0,a09ca058-7d04-4a96-b963-d81d763b9562
113,0,"2b9c6eaf-a7ac-420c-981d-166ed9b4b8a3"
114,0,ff333805-04a0-474e-838d-e0ba3b527e06
115,0,"9f07e008-3bee-4ece-ab29-4221d0becd99"
116,0,"06c31f26-870a-44b7-877a-268d708a55da"
117,0,ff5aeb0b-be9f-4fbf-a998-dce77209c8bd
118,0,c58d2329-df8c-412f-94e5-4ff58880a0a0
119,0,"2c42ad99-6115-4b0f-aa89-6b5e3ff0064e"
120,0,e8f1132f-77b4-427e-8d86-941a7b03d983
121,0,"0aa2e9a5-f737-4096-a379-b5046cf3c22e"
122,0,"82bc206a-e457-4713-a361-d0dfa9bfa8b1"
123,0,"049f26f7-df9a-4f29-852b-5a8afb98eb23"
124,0,f9fc136f-6a9c-4608-b43b-6636b4738d0d
125,0,e44c6126-a211-481e-93fc-e1592190d6a6
126,0,e62532eb-8559-4df3-9deb-19b5062c8da5
127,0,"287600a5-830e-4b09-ab6b-b221e4605468"
128,0,"13fb3150-b20d-47b6-b5c3-5341f0d970be"
129,0,"999f2100-1f39-4f16-8a28-e3d4748b4dec"
130,0,"86982b31-1d30-4b5b-bbde-46e0bad85197"
131,0,c14c4916-3778-453c-b52b-2bcca685d04b
132,0,e2044eb9-d4a9-4590-b38c-f389713db5b3
133,0,"518b7342-00dd-471f-aa4a-864949e9772d"
134,0,"54f2cfcd-2c26-420b-843b-fa0a6a9943bf"
135,0,"299b9b52-db51-4c81-b946-c0cf08ee48fa"
136,0,"28e4ee4d-bed5-4a22-8074-314d22d64a48"
137,0,"9da40ae2-e1b4-4660-ae4a-9a6bf8265613"
138,0,c6d14fb3-9c01-47b8-a0d4-22f758879bef
139,0,"224fc2f1-33f3-41c5-a904-97a3101bd07c"
140,0,"956f15dd-9c77-49db-bddf-e6c01c6b20a3"
141,0,"984ab599-c917-4d52-9630-d637427521a4"
142,0,"6528f285-5e04-4e7c-974b-7256883157d1"
143,0,"1dc453f8-e759-4e46-9998-e33d040aaea1"
144,0,"390db24d-4602-45ed-8a01-12246edce8b4"
145,0,a2ee6b71-be25-46ba-a819-196d13534574
146,0,dbf35ee8-8a4c-4d87-9f4f-2ca44e69951f
147,0,f3e1dee0-6f95-44fa-8df8-9962ab919ac4
148,0,"1745a615-ec72-403f-8dc0-aed72cee6354"
149,0,c60bb7d9-e265-4d92-9cc9-d3b9ebd987c0
150,0,"76acdcef-8690-45a9-8b9f-8ca3d89a14a5"
151,0,fe8abdb3-ae86-45d2-af13-df5c41731472
152,0,"80810b9d-a32a-4b5a-9c17-b1e56cb9dae2"
153,0,"9c353dba-d69b-4cd1-9980-15f9f9d63069"
154,0,c1f1b8e7-865c-4c62-be3a-5534d290a3bc
155,0,e50a1aa8-ff98-4283-be92-5c36d23115c4
156,0,bb74665b-b8f7-4b23-8727-a3f5615dd737
157,0,"82087630-c500-4839-88f4-bb25bc63f889"
158,0,"1474246e-7587-4c42-9d85-6def877fbd8a"
159,0,f3c9adc5-93d4-4b04-9a45-1a5c7d0e2107
160,0,"700c0ce7-5378-44b2-a8ab-c8e8e0270910"
161,0,e898ce0c-6db3-44b9-a887-bdd7c460f026
162,0,"7c226baf-e518-4d5f-85fc-8cf693355b57"
163,0,"877b398d-db36-451a-8352-ffb3c55e6013"
164,0,"3ed67156-6913-4d15-9216-f60f43d625d3"
165,0,"3fd36f64-d091-4e99-9409-221fdebc1b03"
166,0,"4019d12b-d9a0-4f56-8dda-07ebeeaeacc1"
167,0,bb6dd8e6-bf3c-4213-b6ad-ad2b994a8693
168,0,"82a15a04-a415-4f24-8b22-91104c184301"
169,0,d9fcc4e6-f19e-4b45-8e16-9adce9a2e3b1
170,0,"3926461c-86cb-43ba-a888-35a050756dc7"
171,0,"930d7a13-e07a-4f96-b9c8-4184d2819984"
172,0,"55a7c12f-dc14-499d-9c85-4c1a87fcc4a6"
173,0,"4a455df0-20a2-4ffd-852e-d1df4842ec3c"
174,0,db05a22e-44e6-4e8a-92b6-14d96ed26845
175,0,e0ec5598-71ac-4e11-8d64-6b65dc26b738
176,0,"6217f3b5-da72-4cc0-997f-0dd7747570df"
177,0,"2b8c3665-909b-42d0-9e9b-324d1800bae0"
178,0,ba3ddaa1-f4a5-4bfa-a1dd-84050295fe65
179,0,"0fe81be3-bb11-42b6-8c8a-0e47206cc6a6"
180,0,e1d5e508-dbc4-4842-89d0-43b890d2d71b
181,0,"3fc2c40d-2f5a-4628-bf10-0b3a94a17cfa"
182,0,ae90763d-c48d-4763-bacc-f2e421bd7073
183,0,"5c34eb1d-0ea5-4c1f-af8e-45c9ec958a29"
184,0,a5e3ffb7-2f6a-4092-8ef2-ea1a9b0fcf5b
185,0,a140e489-5735-43c0-9773-baace3aa6f98
186,0,"9cee4634-e35d-434e-8995-17ef4b466935"
187,0,"40f25473-54d5-423c-a6aa-fb10a552557c"
188,0,"00ae563b-74e7-4075-8184-42406f078dc8"
189,0,b31acb06-4732-4a4a-ae02-7969c5826a86
190,0,"0ea9206d-af81-408f-be5b-e7b128270079"
191,0,ff8c4ce4-2507-4a62-8714-0e61c3c0befb
192,0,f47e62af-c954-4d2a-b6d8-dd1efb1e3a96
193,0,"690dbc79-0fe3-419c-9466-860621a41e26"
194,0,"01dc02f9-a8e2-423e-8466-12ec1db0b8bd"
195,0,f39f5576-6b4c-4610-b08a-557d40dcc629
196,0,ddc3d92b-d0cc-4947-ac1f-8fc93d45fd74
197,0,"32dd32dc-2181-45cc-a4f2-44d8c78a7ccd"
198,0,"812c2d68-4b7c-447e-8e14-77bde84f057f"
199,0,f32622fa-7943-4f4f-88cc-4b82d7ef089d
200,0,"55714774-ac04-49e5-87fb-3d5fff965970"
201,0,c48def43-cd1a-47ff-886f-cb0744265018
202,0,"11f365ec-e431-46cf-824f-5014ecf1a726"
203,0,"2fdb0196-5e30-4a97-beff-927a01393e84"
204,0,d7f429f9-436c-4f71-8ecf-eeae0c6b7ded
205,0,c7fe8c87-b79d-405b-a8ef-af4f7869bb00
206,0,"9c81ca8c-68a3-4e50-b9ec-1c8f08a52a8c"
207,0,"9f6698e2-0612-437c-b051-663c18487053"
208,0,"785c0ff8-b9fd-4658-8b04-86bbb71a0e04"
209,0,dbd670a2-8a31-40e5-9696-cbf1ef70bfd3
210,0,"0278136d-2dca-45ef-aa5b-9514c63b6129"
211,0,"7b10c6c3-3c25-4743-b2b2-01de233d9767"
212,0,b03916ce-58ea-4466-b72b-964d5fe37120
213,0,"89c6e675-234f-4404-82de-27e42e343dca"
214,0,"82a78ed9-75f6-4bab-b737-826dc99bd71b"
215,0,ead578ab-2c45-4822-b60b-3f4e7e683f39
216,0,"2a6728e2-5156-4a91-bff4-8dad14824c73"
217,0,d26e9a53-a374-4089-90cf-33c6fb86a60d
218,0,"552dd76e-bd3a-42a9-b280-08280cb3a570"
219,0,e6c0e4af-5cf8-4263-9fb1-28edf2759876
220,0,e64efca8-5802-448d-84b1-a416a86c6465
221,0,"5dd5d780-4136-467d-bea3-8fe7115d7719"
222,0,f2036599-1324-47d5-9533-7c889c94cc3d
223,0,f36afd89-5823-4182-915b-0063448d0207
224,0,"939a3165-afce-449f-b179-2add9d3b1e2c"
225,0,"1d4239eb-f3df-48ea-989e-883dd72190ab"
226,0,"83ca9a87-4a6a-4d2b-86f8-0417df6b7f14"
227,0,"30d63d35-493c-4ec6-b633-e9128fa57b12"
228,0,db94168a-1368-4ce9-aa89-6f7d3549b170
229,0,"1a237935-158b-48b2-b0a3-e3747c60cda4"
230,0,"50ee00cd-668c-4474-85c3-b0ec83e16fa7"
231,0,"33b70e96-c137-46c7-a740-759b95ebdfba"
232,0,"89cbfd05-1755-4438-9543-8488c5db0d6f"
233,0,b9a9194d-817c-4146-bfc3-4900e908d6b2
234,0,dd4c81a0-e5bd-489e-b497-e0ca259b1f25
235,0,"7cc8971b-610b-46de-8575-bdf46ba90423"
236,0,c963726c-cada-45ea-9e1b-8a80cffe4dd8
237,0,b877523e-6b08-4b49-92fd-48acfab3ff75
238,0,cc3a6db2-6129-4058-ad86-bd35d1dc7147
239,0,"4d82e647-1a40-41c3-80e9-cd39e153b6df"
240,0,"2c321563-a5d0-4d7a-984f-ea84f86c6e17"
241,0,bd2074f2-c919-4c99-b319-471e9845ec12
242,0,"29f6586e-1cff-49be-a00b-908132b917c0"
243,0,"446ea0eb-6f64-42dd-8fbe-6cca2e7d08f7"
244,0,a5d59310-503a-4be9-a952-e5ba50de75bc
245,0,ab9286f1-76b0-4c8c-8c70-e222947aacd8
246,0,"23cb53e3-67a3-41d2-ad6d-fcfdbcdc0331"
247,0,"79ad8830-a583-4e8e-8b5e-ccf3c6525103"
248,0,c65c3527-07c9-4572-aeaa-a6fd4c4c95c2
249,0,"5e3b78b8-cfcb-41f5-8c42-65b683767316"
250,0,"1aa6fdf9-9178-4ed5-a735-39ee0e001023"
251,0,"2442adb0-3db2-40b0-a940-33dfb10e5b1f"
252,0,e7f5bc15-2229-4f67-baa9-ddc4c7cf36ab
253,0,d5149172-a62f-470c-8a4c-20f99744deac
254,0,"04b694ff-32ad-4685-9971-d2283aa29a5e"
255,0,"2364495f-84f7-4a7f-a69d-89a9996f9dfa"
256,0,"87eee2da-8016-42aa-9cd9-a569f88e3dd2"
257,0,"19db85c6-2f7e-4ab2-b80f-85b0b7854a1a"
258,0,"3724a484-4c1a-48e8-aff2-d1ccc6e5d10e"
259,0,"9d9a559b-7d54-4ae5-b3b3-35413676619e"
260,0,"7bb77e26-b32d-4d94-acf7-aed75fca18ff"
261,0,"5e562166-8eb9-4c6b-a58e-976ffdc5b61d"
262,0,d1d8e05e-6b32-4894-bba7-7999d7b2a2ba
263,0,"44a25baf-5bea-45a3-a6ea-62152c7a4285"
264,0,"88530a8a-7c10-43ca-b229-3c060e6f3709"
265,0,"78e6e492-61d3-48b4-a738-b2f4921870fd"
266,0,"7cc47a31-5515-4eea-8015-65e12833381b"
267,0,"77f3cf60-1d8e-4ee3-8bbf-a4f21faa45e5"
268,0,"1b4bc197-14cf-49a7-95a1-0ea012778d80"
269,0,"545144cc-a6a2-4f2e-abf9-407133fa6b04"
270,0,"246993b7-bede-4cb4-a284-044fbd49146b"
271,0,d6d95b79-1562-45a3-bfa2-d6161432840e
272,0,"9e706f5b-903f-4de2-83c2-7bda040fa35e"
273,0,"22be0fb3-1246-4518-8545-fbe129a1128f"
274,0,"87245962-4f81-4c8f-a210-371bd795111d"
275,0,"068c738c-194b-4401-b68d-497672b3d073"
276,0,"0c8acc91-758d-4a30-b131-7306d6b708a9"
277,0,"24d567ef-a034-4976-8588-1b29aec52ff5"
278,0,"9dd6876e-f92f-4d4f-827a-61d8d6afedea"
279,0,"8db60ed0-6fd9-4651-9b8b-4635562b0252"
280,0,a699b2f8-10de-4e0c-bf9c-4b973feea8bd
281,0,"71f96357-54a8-4181-87aa-28c92919ccf4"
282,0,"20eedaac-0fc6-4590-9afb-2945bed4fd92"
283,0,ceffd05b-ae18-4969-aa4d-4699c59d1b57
284,0,"88c341dd-7df9-41bd-a986-d19c346aa8ce"
285,0,"316834cd-c91e-4cf8-974c-2a240a7d6089"
286,0,bde625a0-cc35-4070-85ab-37aeef2b5fd7
287,0,"98dd974f-6e59-42ec-9f30-636fb595cc33"
288,0,"59287595-d5b7-43b1-a9a6-604c35867097"
289,0,"21edff20-8b8a-416d-84ad-00c9dcdc95c5"
290,0,b2f25632-6501-40e9-9a13-8c9d8c42c9a2
291,0,"3d39b669-6167-46e5-9c09-03258043c882"
292,0,e375a983-3fc5-47aa-b533-02aaac488b85
293,0,d2cc5d18-8b36-4010-ac94-87917bf8ed32
294,0,"0cb56491-6bfa-47e9-9e84-a45d57a103b7"
295,0,b1a445ce-ed68-47f6-a7aa-1458a44bb650
296,0,"48fa212f-5a98-4c97-84dd-cc0481eb1e7e"
297,0,"2e0a6664-7711-4f9c-89bd-136d8936b14f"
298,0,"286bf5c7-8203-4c36-85a7-44c0b68e58d3"
299,0,"3660f8d8-3355-4080-8c47-6b134cf8ee84"
300,0,cf880fe2-0e0c-447e-873a-d3470a8b0aca
301,0,bd95cb84-ba06-4e12-bf11-0c7377b24633
302,0,"3d909970-125f-43ca-a7dc-60a45621909d"
303,0,bb3a8f1a-de11-46f7-9265-3e03575dc453
304,0,"41a443b1-fea1-45ef-9698-87fa4fde249e"
305,0,a4b7261f-b6ea-498a-bbbb-e1bc0332f38a
306,0,ba6291a4-ac68-4dc4-8ec8-8a9979db828e
307,0,"7a6e0b9f-42b3-41d6-9d2f-947996f48527"
308,0,"4524f082-bf29-4049-8420-0406b1b94f79"
309,0,"7b310719-6f8c-46fc-908d-dd0f7f9045a1"
310,0,f591115e-97de-42ed-877f-5c5cc13020d4
311,0,"1bfa1b96-3314-4f5f-b954-7d70714367e3"
312,0,"28391bdb-eb3e-4000-b11b-9db6a967e323"
313,0,e6e7a07e-884d-42c0-9ccc-16e877c9afba
314,0,c576328b-c1f7-4e14-9ef7-45066acf728c
315,0,f307266e-c2de-4171-b617-5f1f8f6f9ad2
316,0,"8ec002fd-7ebd-4894-9ddf-e88882d979f8"
317,0,b918fb61-c14a-4b79-a810-a716e31d8e76
318,0,a4bfa0b4-d464-4fdf-858d-00b23bea3cf6
319,0,"93419d3c-de4f-4729-95ff-08d31c5d8122"
320,0,"8de7936c-a813-4c1d-bc3b-d692239cad32"
321,0,"4752ba26-faf6-4335-8fca-87932cf2a43b"
322,0,"277a867b-45ca-4304-b135-411d6262e6aa"
323,0,"0bf0e319-d5dc-4542-96d0-e7a5445dc2df"
324,0,"32efd988-7632-4095-bb54-ec7008b7d72e"
325,0,"816d6d44-84ff-4eeb-864f-a59688897e9d"
326,0,"2fc85919-b495-4320-bb2a-7a6cff873835"
327,0,a1fd336c-d007-486b-b684-b13d1389c87c
328,0,abc49236-35da-45a0-9d52-00615102fa63
329,0,ff9c91e2-03f1-418f-ac9c-9f0e978d92f6
330,0,"618b15ac-2004-4710-96c6-03b92052afaa"
331,0,dfdadd76-d2d8-479e-9457-e2617218a155
332,0,"6efb2a98-8410-450c-bdea-7ef427cc5eec"
333,0,"8bfc408b-d9f7-4207-8471-412b1b517a00"
334,0,"3b2bf695-e8aa-488c-bc35-df332bbe1ec0"
335,0,"2ea921ab-58da-4ee2-a658-1451471e46a0"
336,0,"4b922a7b-3db2-4142-9191-2c39b1dd82ed"
337,0,d9ae03ad-65ab-4a3c-b5e5-35d34ead1f43
338,0,c8e57cf6-9304-41e9-9fc2-714d1b2a1c09
339,0,"18eccf98-4fc8-4e2f-8b74-4ed2db807b19"
340,0,"786a6e4a-283e-4ef7-b617-11112df9703d"
341,0,"6619f564-6b8c-4b15-a685-6ba847392c1f"
342,0,"38c0a585-66e2-4101-8af2-1cd4492870de"
343,0,f58aa86c-cffe-4b93-86db-987defa9229a
344,0,"39441a36-3d11-4d95-8663-dafe98c532a9"
345,0,"00827fef-d18c-498d-a6b6-b7a40202f033"
346,0,"8d8dbffa-0387-469c-88da-adafaa0c379e"
347,0,"10218941-c57d-4ab4-96f9-0e9538500bdf"
348,0,"6965e6d9-c1cc-4c9e-b56d-65e9c8e39a06"
349,0,"3bf0fe2c-cc80-4aea-bd32-b39694743b9b"
350,0,"2a57c33a-06c5-4497-8623-042ebdbd18cb"
351,0,"1b53a64a-a8bf-4772-9b8b-dc571d6e1dad"
352,0,bee2658a-33ee-4728-9f66-49f6459f88e9
353,0,"4cf74454-a63b-4eb7-812c-7be56aecdd38"
354,0,"06de3dac-68f0-4158-9e75-45ffe546af01"
355,0,"28ab4a86-d8f2-4e4e-b6b3-69737ecf9bcb"
356,0,"03210b23-2302-4e62-aa51-d6f2d604896f"
357,0,"328706c8-a4ac-4c48-a66d-729e08743396"
358,0,c3d490f7-daf9-436e-897d-4aa9cd2c0a02
359,0,bfcc3164-8091-444a-b930-83ac60f7e6f8
360,0,b265050b-3b63-43c6-9aca-d77cbbd6b54b
361,0,e8e1afcd-2c4d-4912-8d52-4ad4b0c54393
362,0,ee405b47-5a1b-4fd0-bdf4-8943c768c8ae
363,0,"137d2c1c-b8e2-4958-9221-79756dfa3403"
364,0,"2c2c990a-097f-4e48-8543-dee3cd6dba55"
365,0,"21e286cd-83c3-42fb-946b-dcd0aa05a2d4"
366,0,b6a6c662-a949-440b-8aaf-c41ae024103a
367,0,f4c9ffbf-46cb-43ff-92e5-90adf5068612
368,0,"43acb193-adaf-4012-b817-792d2bfd0848"
369,0,"42d9619f-5678-40ab-ade6-cfa99272c53b"
370,0,"11fd43b2-3a10-4c00-89d4-03dc8d20eb81"
371,0,be0648bd-0f54-4cc1-b552-a74419ec320e
372,0,cbc22585-6fac-43bd-bb05-3fc8c4b3f23c
373,0,c3c11077-ba0b-4ff8-a52d-6b07dd2086ee
374,0,ab131985-a50e-4571-bebf-0f6ab19f39db
375,0,c6775b87-1971-4ea2-9104-dede7306775d
376,0,"741b9a74-a16e-4204-8920-37817899c54d"
377,0,"022ce683-4ba3-4fbd-82da-fdb1c83fd059"
378,0,"183d3ac7-00db-4fc8-8f31-a3fdf18813d9"
379,0,e24ac634-5a97-452f-84cd-50c0202b1e66
380,0,c35d8b65-f565-4e14-9634-c9c4ed0cff02
381,0,a4ddfd50-6969-419b-9f97-9bca8cc12eee
382,0,a0d6a799-2730-4c84-ba8e-654db5a9fe35
383,0,aed86577-6989-420e-97e0-2f89999089fd
384,0,a6c461c8-5c8f-45f1-a423-1b3365dfc3d8
385,0,"62f1b785-1cb7-4809-bb20-7ec40a976a09"
386,0,b4338608-df36-4a79-899e-94c3a4cb5515
387,0,"1c6147dc-d1ee-4a36-9888-49f531123620"
388,0,"45bc5cf6-d6d6-438a-bf2e-5747014d731f"
389,0,fffd9a9b-33d2-41ca-b63d-36030ebebfbc
390,0,"5180fe81-7fe1-4256-8e56-0784012e66c3"
391,0,"46ce84e7-9d3c-4027-a7fa-ced50612e756"
392,0,"6fbf7232-2e61-45b2-9e04-f3a391629c20"
393,0,"935b70fa-5d47-4ca5-a9a9-dc792aba0d3a"
394,0,"4543e2f3-0c3e-4516-a7fe-ebc7abc6a1f0"
395,0,"7041857f-e921-4bff-86dc-a88fae4b4ec3"
396,0,d9222e9d-534d-401e-b164-338564a494a2
397,0,b62ef769-f455-4e9f-aba9-5c7dcffd6763
398,0,"30ca78c8-4782-4825-93a6-05bc307bbfab"
399,0,da0e0620-375a-4b61-9266-962b131c5ca2
400,0,dae8baa0-97ec-4d62-b96e-f15cf343d14e
401,0,"583a935b-9b8f-4162-86c9-9cb1c2e922dc"
402,0,"1fa78f23-cf68-469c-aefd-85f9154df167"
403,0,"46c7f2b2-a26b-4714-bb36-367221cc6f37"
404,0,"8517c34d-88ce-4aca-9578-2aaeb65a154a"
405,0,"2dd812fd-1311-472b-83d6-52ac9fca097f"
406,0,"37c83dd8-d34b-4609-8f46-b55b07d64556"
407,0,"392f9a41-8ab8-4a74-a6fb-4fcfc914db2f"
408,0,d0dfeb14-b78e-4b61-ab37-9eb467033845
409,0,"59bfb52e-b140-4646-99e4-30a3e9dcd5b5"
410,0,"127908cb-c519-4696-b3d0-64ad7339d14f"
411,0,eb634d41-7338-425b-9596-cbef5aa88405
412,0,"89b44d15-d8ef-4644-9c23-29f55bb1c32f"
413,0,"10a43bf9-514f-4439-932d-24fb1dd02ed2"
414,0,"1adb79e1-9ea8-4532-a9b0-f32d139cf3dd"
415,0,"771050bc-ccf1-450f-b7ed-995b735ff855"
416,0,fe551e08-7ff5-408b-a99c-6f2cdf5ab029
417,0,"895c9175-4014-4dc7-9f96-bf323a26d025"
418,0,"9e1a027c-087f-4d22-a2bf-852a050e51e7"
419,0,"29e940ea-1799-4ba9-aa4d-e9f48fe4ef4b"
420,0,bb458160-e936-42bc-b9b3-05f186e6aaf3
421,0,c0d4c15d-da31-46b7-9f05-c5bc29f4e016
422,0,"532d086d-909a-49cd-aad9-31d579e997df"
423,0,f6b38330-88d0-4f8d-a69d-49052f2204ab
424,0,"58d65fe6-c203-4e45-84c4-33aaf2d9d375"
425,0,"9c067813-6cb8-427e-a398-018e7e2448ed"
426,0,"301aac51-2e51-4c4e-9252-8f77df023543"
427,0,"98bd1877-17a2-4c4d-9485-aff751256297"
428,0,"5a457d34-3c93-4cd3-8e67-97a676df1c0f"
429,0,bf7f6907-d6ed-4227-bd9e-4b0237bbf9f2
430,0,e3babf5d-3677-4ccf-b639-758074fb7dcb
431,0,e271664b-dfed-468f-ad98-750ef3d60912
432,0,"8e0eecae-5b20-4c55-bd7b-378f8dd05f1d"
433,0,"58e0124e-fc78-427d-aade-fdb5bab42fc7"
434,0,"87d9ed67-95af-4f6c-a033-a3d195abb57a"
435,0,"32ab9b02-9ce6-4864-be51-a42cdf0cb80a"
436,0,bf736fa6-914b-4ac2-bee7-19479ca8cb6d
437,0,e7221a8f-585b-49e3-88d5-1a185c367e28
438,0,f571e349-fd2b-4ca5-85dd-158530511b24
439,0,"6ba87ee5-8ec7-41f8-ba2d-9a1b6c40c5d2"
440,0,c7079a15-eea1-4a14-8940-ddc2eec81826
441,0,e9ddeacf-18fd-4fc2-bcd5-15a34573af92
442,0,"277f19f0-1b9d-4904-984a-3122a01e4ef2"
443,0,"448e1856-a682-42f1-af2c-cdc581dc7040"
444,0,"5475796d-fa8d-408b-bfca-a9cba5a11483"
445,0,"64aa09ea-6c7e-4072-abdf-25c324710077"
446,0,"54012193-d869-4fd1-b131-38e42cc0b8b2"
447,0,d9b900a6-7a8d-4396-a72b-fc9fe0b4ceb6
448,0,c0b5635c-d657-403d-a459-9d9ce53c81f6
449,0,"4e1f5f49-7cc7-442d-90ba-dcb7f1e5024b"
450,0,cfb33b84-f339-4b9f-8af7-e339ba7953a7
451,0,"7e8b7ff8-d86b-49fa-b41a-6d679f1408b6"
452,0,"24d059db-e77e-4f63-ba01-a09c85f40537"
453,0,"04acf527-dc2b-4324-b23f-17d0cd5701ef"
454,0,"860f42d0-3973-41a4-a799-772587b8621e"
455,0,ef0586a0-5e9a-467a-9171-197127f1002b
456,0,f23eac24-93ab-46cb-a666-cb5ff4d20f54
457,0,"74636b8d-037b-4d8c-9971-cc2d075ca232"
458,0,b4af5e9f-5d5a-492f-8e98-26d38312d211
459,0,d028e934-fcb2-4d52-8344-e44632f4c341
460,0,"37902a91-51a7-4404-9f26-3e7b6dbf8dfc"
461,0,"9b17dd1a-1df5-4439-83ca-48cdcd7dc358"
462,0,"3bdf28dd-d2cd-47ed-955f-967f4d136790"
463,0,"70bc1492-6b45-43c0-8131-0fe426c70717"
464,0,"9da097cd-3d47-46fd-bba2-a1d7847c1572"
465,0,adcbdfa4-1dc0-46b6-a363-809a87daeeab
466,0,"4468a2c0-a76c-4334-ba64-c87720aff9a0"
467,0,"3d463af0-b9c4-403b-b26c-7264a7b85fa4"
468,0,"20561fce-0725-4dfc-b437-71a25adbecc2"
469,0,"4d5b784c-7496-460c-890d-8b31863111b6"
470,0,ad2249fd-ecf2-427c-b7f3-108657ab50a5
471,0,ee138d32-7e24-48b5-899a-9b7c5f9067c9
472,0,"82972327-6cf8-40ba-96f7-5cacb99b0bcf"
473,0,"1d639598-f903-4f5f-b788-82343d27ace5"
474,0,"6abd9746-284f-49c2-a12d-36eba9cb5964"
475,0,ae28c249-671a-4f1a-aa4d-053b93659c85
476,0,"7517bd8c-86a8-4e0f-9c03-ebc1a72c8a34"
477,0,"3406b4d7-f67f-4a7c-beb6-14a206dfe25d"
478,0,"9ec49700-a52e-4262-8959-fcdceea4d503"
479,0,"2a43264f-99df-45ff-a692-16c07eb2b8ae"
480,0,d1e6ba9a-d051-41ff-a1a0-777670d34955
481,0,"7853a1b8-b2ed-459c-8c25-466afa7e6d7a"
482,0,"5c961ab3-a677-4c07-8308-1b1a3401fe02"
483,0,"8f4c55e2-7953-4c9a-aa5b-5be5d92bbc9f"
484,0,"2dcedcd6-7a68-43cd-810e-928901762c05"
485,0,b80eec85-f14d-4ad0-9e90-64f06af2880e
486,0,"38445458-f4a2-464c-ac3a-22d1028052e6"
487,0,"6aea1a3f-8cd3-4319-8188-20fe8ccf7802"
488,0,bfa1774b-7dba-46fc-94fa-77325f146ef9
489,0,"9e663516-4567-4a35-8758-9e8f2d7e92fe"
490,0,"86bdb798-0bf7-423c-9a20-d76709139af6"
491,0,"69c9e225-4859-4d0b-90ad-f51068a21189"
492,0,a772981a-f01c-4b34-aead-2838f4283edc
493,0,"4f2fe57d-e6b4-431b-bc43-f35d4e0cbc8c"
494,0,"16747b17-576c-4699-a4e3-70a54c031fbd"
495,0,"486d8320-726a-4897-a115-d15b6bcb81d9"
496,0,"355bc03e-9f6e-490c-8c46-70c55e58fc45"
497,0,ffe08bd5-c192-457b-97bf-18a32da2afbd
498,0,"67cdaa19-9bf4-493a-ae93-59a37ce66ea1"
499,0,ab236687-a749-41ce-b2ae-7d489754953d
500,0,e830c808-dd6c-44bf-9853-acdc3f8d048f
501,0,bd0b5f33-e539-45cf-8e86-a0322e8a9a8d
502,0,"3734aa77-4ecb-40b6-81f0-1fd03b9d68ec"
503,0,d43ddcd8-cd07-44c7-b48d-bdb63b26529d
504,0,efb240af-740b-4c21-95ee-734c9faad730
505,0,"9875da7c-d269-4cd6-b662-99f4b5b0ce09"
506,0,fa60eb56-6bc8-41f3-a33c-05b84814a267
507,0,"2f201200-68c7-41dd-8936-43ba196382b4"
508,0,e6f616be-9ec9-435a-9fd2-1a2dcada548e
509,0,"21f7e222-20e0-4180-89c0-11091314ba73"
510,0,e68357ca-3027-48fc-8d37-da762c7e961f
511,0,e7c5dcb9-76a9-41bf-81f5-75785ace5654
512,0,f3855153-0521-4542-8e61-f7d5eedc5d42
513,0,"52fb1531-e57a-4859-9df2-65668e835fd0"
514,0,f81671b2-7440-497a-a87f-e15d55151778
515,0,"29222c57-3630-4f3c-94f1-e7df47a21cef"
516,0,"80cf0acc-71c9-4df0-b01c-d1edc6db4031"
517,0,c27dfb12-a9e8-41af-a8f2-6d957b9dc0f1
518,0,eb2ff627-27ac-4e5d-a298-c63f50260410
519,0,"4dfd892a-d60f-4873-81e0-dfbb545c106e"
520,0,"1be02342-2cce-4027-89f4-55cdac3b13d6"
521,0,"92883eb0-8736-461f-ac7c-dc32739795cd"
522,0,d025f727-8c24-4796-b06e-5e46e6682d1b
523,0,f8b6306b-b065-414a-aab0-3623b181da79
524,0,"6e617c73-40d2-4f08-8d40-85befd4d47ac"
525,0,"14094d8e-83f4-45e7-ac4a-704a518941d7"
526,0,"8c929a65-e31f-4af0-bd9d-2589bb8587cc"
527,0,"9c438bc7-848a-40eb-a6db-41e42650ad2d"
528,0,"5e8d3437-9d9c-4fc2-a9e9-38ea293b95d1"
529,0,"88b33c8c-1787-4d4c-918e-fa8f8516058f"
530,0,"1e18dae0-3bcb-43a4-8f68-3e8f279ca53a"
531,0,c75b7ab1-995d-46eb-95b3-7e11014a5692
532,0,"0f87394b-fcd4-4ccd-89e4-772cd46111af"
533,0,"1cb60943-3ae1-4fab-adcd-c7c8af3acbb5"
534,0,d549ef21-7b9f-4b1b-8baa-f68dc75c2c47
535,0,"05377c89-bfaa-4b2a-b52a-d576f2f36299"
536,0,"6b968fa4-d06c-49a0-92e9-083036be6bd3"
537,0,d6d8a060-1a4c-41c6-ab12-3a451b7aebed
538,0,dcc171dc-80bd-4191-8677-832b86e89616
539,0,fa1dfba0-7d2c-49fd-b26c-6e2a8df63c5c
540,0,"7519bf0c-7c19-4207-87c4-498636097bb7"
541,0,fd6ddb0c-cd07-4e61-a693-b74983d4a347
542,0,"4ef8249d-c19e-4840-b81d-c08631e285aa"
543,0,"4d99a722-00e5-4bbf-bfd5-367118b83e5c"
544,0,"7351723a-af18-420c-bee3-93db88ed86ef"
545,0,"098dd0e9-2166-4c10-b1a1-833d8f8bf52e"
546,0,"493e8acf-73d3-4846-8d0f-e62bd2889a9b"
547,0,"85f0e821-d58c-4055-88f8-26ff2b186527"
548,0,ff28bbde-9791-4acb-b2dd-64aa97c51d9f
549,0,"0476b1b5-da72-4d63-bc41-86e92c380466"
550,0,b0d855e6-33ca-4ff4-bcad-aae0038390f1
551,0,b7ee572c-5a6c-4067-b870-9a5c55c152d3
552,0,cd95034b-6368-49c4-be52-445c9c526aac
553,0,ce6c733e-e369-4783-9900-d0f97e7599bc
554,0,ea93cd5f-f22b-4015-8aeb-d122d839e41a
555,0,b6c4991c-03f4-4907-839e-d098a5284843
556,0,f9f2d501-d69e-43e6-90b1-904c77d97c67
557,0,b0b04e7c-6a43-4436-adc1-67394f586098
558,0,"3c05b535-e8ec-4602-89ff-134d875e0837"
559,0,ccd321c0-1e7d-45cc-9e61-78c5288d4d8e
560,0,"31f04a92-6148-4f3f-9691-284a3ec44c25"
561,0,"31b2689a-e6de-4e1b-b296-b4a5c902e00d"
562,0,a85ca6f9-b901-42c7-adb0-3346bafe2f4f
563,0,"1ff2ed26-fa7a-4e83-9b53-a80c3be3562d"
564,0,"248a8f80-d036-46c8-9146-2f2e93694d02"
565,0,ce900381-0d09-48bf-98b1-612de6a55dde
566,0,"50600a5b-0e55-4526-bec3-dfd3589687bc"
567,0,"5679201a-26d1-4b91-9580-89284e8820e9"
568,0,"10197122-f915-4deb-bb41-ccd98a39399e"
569,0,"128cae82-1e80-47ba-b883-ea1c8937f107"
570,0,e740e678-4f63-4762-8c87-372f7a936ccf
571,0,"5995b0b8-a9c2-44e7-83bd-2a6f3a20ba46"
572,0,"37be5ea3-0ed3-4357-9ebc-dfbeec36c1b4"
573,0,"3767b742-c203-464a-bd4b-c12b4a1e6e75"
574,0,b4326574-1b42-486a-a162-7f6ae0dcbedf
575,0,"60fd80c1-f606-475b-9bbb-bb3144af6925"
576,0,"9cf51d2a-dbd1-4cbf-b483-215c77d4e2a8"
577,0,"788eb4ad-0571-4147-b0a7-dfc75d42d818"
578,0,b93bc58b-53a4-4c3c-b975-a78440b7fddd
579,0,"144a3395-6f82-4eaf-88ca-106bdfd9d790"
580,0,"62701b5b-6a26-4e77-a0a4-e5a704ab6137"
581,0,eb9a8bd2-eed9-4ac2-a797-059aa2b71df1
582,0,c6e9b983-de3e-4c57-a4f3-815dd8a04685
583,0,"26294c92-5962-485d-a482-7ba8808cf4de"
584,0,"134a90c0-f44c-43df-a3c9-45a55c150306"
585,0,ad1df605-9af3-4a5e-a956-a2c9bbd8c171
586,0,"3a892eda-3229-477a-81ad-3ad3552fdde7"
587,0,db3baebd-80ad-4e67-b890-86ca39422c9d
588,0,"586b8a2d-3cc0-449c-89c5-ff000abe1078"
589,0,"6b5a5b8a-9cbf-48a0-9a5f-dce4ef5bbf5f"
590,0,"29c86b17-b379-464e-bf05-1fd7e8b9add5"
591,0,c1178b44-e6f7-465c-8665-7e835128c28e
592,0,"5a81aab6-13da-4ee6-b7b9-f55a5fef0fff"
593,0,d5fa76d5-c12e-45ee-bf45-2510e6923a9e
594,0,"282d0848-57cc-41e0-9899-984cc565bce4"
595,0,c4cb3ed7-c11b-4cfd-8201-471ed3726eec
596,0,"49b20182-8828-4454-b2bb-65f2d0fe396f"
597,0,"559a070e-dac2-40d4-a4de-abf1864452c3"
598,0,"09dde556-f69a-4a44-a6bf-6edb065935fd"
599,0,d8a99591-357a-4479-a009-02d4bb0f0296
600,0,"1d1581f2-f887-4219-a934-5378d856f9c6"
601,0,ae3be138-8080-43a4-86cb-02200f124da8
602,0,"68cbd5c7-c938-4a39-8436-9485d97a9f0d"
603,0,"377b4b82-bdc4-4588-9dca-786aa771931d"
604,0,d18ece2e-102a-4038-8178-af49b0deba99
605,0,"273df475-4594-4d71-8847-987be6618045"
606,0,ef16dc89-2e2f-4918-ac80-7fa77b228676
607,0,"4d1c91d6-f68e-4598-becc-22322b1d8681"
608,0,"54cfcba8-5b61-4550-961a-e3e29a82ea44"
609,0,cf1c25a6-d681-4eaa-807d-2459350ea957
610,0,f581d487-bfda-4589-9157-876d7f5683b5
611,0,"282ed58f-142f-4395-90d0-7080b383e19c"
612,0,"2d2fa6fd-c9ee-4c1f-9918-d2ea2828d246"
613,0,"642000bb-cf56-4edd-8434-785c8158d994"
614,0,f6bb7be8-7a6c-4b94-9915-89c060ef67db
615,0,"65925ece-0417-4684-96b8-a61aa0b4d774"
616,0,b0d6b5bb-e560-420e-a591-d203c174a320
617,0,"07130a2f-dfeb-488c-942c-e1658e1f4c45"
618,0,"9eac2db4-cbc7-4ada-8079-bac7f2a0dc9b"
619,0,"27d6f639-363f-4a5f-b7fd-aecbcfdec3ad"
620,0,a6636384-0a83-4f78-b998-c204b5d0d331
621,0,c14d3b2a-ecf8-4630-853b-8a8d08765b96
622,0,"15753afd-c1e4-41f4-b13b-d7b179c90f23"
623,0,"5414bb18-3c16-4d9d-b035-ae3b4072a9f8"
624,0,"88bcf7dd-ca94-4d6c-aa44-f049b48cd08c"
625,0,"5600f72a-756e-4342-b964-1fd0c5dda3b7"
626,0,"0ebf7d57-19d3-4e17-8e47-3be35803bc8d"
627,0,d2226640-b187-46b6-89a3-69aedf8e065a
628,0,"0bf2d550-aac1-46b3-aea6-4464ccbeae1e"
629,0,"194a1519-3550-415c-aa30-4d7b84f392cd"
630,0,e740d042-1598-4e2d-861b-c9363a55c1df
631,0,af97f662-f59a-4ec7-af9c-f3f973475de1
632,0,"88835a66-c25b-4f64-97ab-6998e7ea105b"
633,0,"3385a98a-b804-4136-9f07-ce67c014ba1e"
634,0,f7aaf359-1b07-493f-bc6f-48dfe60c425b
635,0,"081f10c3-7acf-49e4-a870-175d706652d9"
636,0,"099b1179-f075-4502-bbb6-2d069bfb597e"
637,0,f5d241dd-4ab5-4221-b641-2fbd19eeb711
638,0,b9dd1fdf-5476-40b1-a44f-bdaca1a31271
639,0,a82ad314-1660-435c-be69-3ecab53e5d4a
640,0,"1c18cd2c-b362-45a0-a426-cf7b8b005326"
641,0,"3a26f10c-d9af-4ae6-b522-09b7ecfea450"
642,0,"9124c3de-4874-4f8f-aed8-f3996accd0d8"
643,0,bec196b1-81f4-4aac-8502-b58eef811da6
644,0,"1c2f1ca0-9ca0-41a9-84cb-a78b28d6721a"
645,0,"1b0dd383-189f-4ae1-8737-1af15c3bc64d"
646,0,"6b4ac379-da67-4e5b-8fb2-41fef3bbd465"
647,0,ddbe5813-361d-4fef-b89f-183b0204b1e3
648,0,fdc7ca9a-1736-4c98-8b20-e99d1d6aa039
649,0,"66b4ae51-59ac-4415-b10f-9155b579ca6e"
650,0,f2c17890-137b-45a1-9e0b-28ffb71de11d
651,0,"833a22c9-31e8-4c18-9a0e-b525563b22f4"
652,0,"196d0a8e-b5f9-46fc-8182-0b10d519280c"
653,0,"0c118c1e-8e6e-4a47-a262-1f00598f1a18"
654,0,"6fc8f1c9-2086-4f09-8262-e190bb498d28"
655,0,"77db0444-7ce0-457f-8e8b-9e8f15807900"
656,0,"039b53eb-a673-4c68-896f-decb139178c0"
657,0,bb754ca1-dfef-41fe-9178-7d236796b0e7
658,0,"33ee62ce-6128-4853-accb-00287d1e5a63"
659,0,"613e1bc2-b2ba-43d6-af6b-e8c7a828eed0"
660,0,"854bcf7a-f92b-4bc9-ba8b-21199b0a1dc4"
661,0,a5a10ac3-2e55-46e6-9ae6-d8e1d0cd9f6d
662,0,"4ddd2808-7957-454b-8bde-9711089378c8"
663,0,"02bc4c63-a29a-4e71-948e-3ea5c537484a"
664,0,"6bc6f9b8-6beb-47e3-bb09-c2fbf8f67a42"
665,0,"78ec7082-3c4f-488a-91dc-77d5620a3d36"
666,0,"84ecb511-d35b-4c63-a526-f974f589e966"
667,0,"8663fe48-1d36-40a3-954a-24b3285b6ad9"
668,0,"2d2abc40-e71b-449d-b91e-ab17c2de6c34"
669,0,"62a38b4b-f375-440b-ae76-cefcee5b06c5"
670,0,"5d77d1f0-88e6-4b3c-8e7f-96293f1fa982"
671,0,"5bde5dc0-e1c5-452a-96cc-e0e60533f3db"
672,0,"7826a3b3-1dca-4cbf-866d-f272b63f2778"
673,0,"77ce1549-82db-40ad-9c3d-9a6669ee7e55"
674,0,d1fde1d7-c46b-4900-b1e0-0423c4b19957
675,0,"9dff6116-ed43-45e8-969e-be98e9f24153"
676,0,"2218cdc5-78a9-47be-adb0-f581590f6981"
677,0,f3e72bc1-6f34-4edb-867d-def2be020fc3
678,0,"651cf729-ef0e-41e7-b61e-c267045dda95"
679,0,"34e4a8c0-b82a-483c-828f-3795d57b210a"
680,0,"99886e10-a917-4262-acf6-a1feb7824b9f"
681,0,e28ecfc1-3b4c-4847-9c51-1e64ae6a44ea
682,0,da31fff7-6aef-4a7b-957b-fe7f4de13bb9
683,0,"261d3616-27f4-406d-be77-e83c613f5933"
684,0,"13550077-5f35-499d-8054-d44ffd05478e"
685,0,"8bb02527-a5c8-437b-b9a4-c42a94eb2341"
686,0,"78818605-f7ee-469c-846f-db78f28c5fa8"
687,0,"1e744efd-d916-4abb-b55f-62d8ffa43ef6"
688,0,"14add7cc-a695-4111-9c41-fcdd201f24e6"
689,0,"948ef48a-7d34-4d6c-adcf-5084060c680f"
690,0,"7238bd75-4d58-4c5c-8fba-b343a9af3b49"
691,0,"3802eaef-3134-4ff9-84e5-261e0682ce63"
692,0,"78a6175d-8d28-47a5-ae1d-579525297e0c"
693,0,f520ccd3-1564-4a3b-b957-9d16c017eb1f
694,0,"1ee0b814-34c9-45a0-bf4f-6bb4957a798d"
695,0,"8f05a6b1-883c-4c41-a324-540d21fbf628"
696,0,cfcec639-bd8a-4b68-ba5f-1e6d0a85a578
697,0,a2308e88-6cfd-42df-8862-0d0e9e114560
698,0,"4858b09c-1263-4888-ab7f-664b7adf8fad"
699,0,f8ab1a7f-4399-4e12-9164-f8cdd5800c9a
700,0,"80a5c972-4502-485c-8ceb-67398040d1c6"
701,0,"6ac55512-9b50-4d7a-a422-8e56593a0b57"
702,0,"180d5429-e2a0-418b-bbab-db2bdd4d00a7"
703,0,de899fa4-756f-4cab-988e-1af2038c482a
704,0,"8b242c4c-62e9-4ef7-abd1-634974b0f2db"
705,0,d8c10b6c-1d64-4f7c-96d3-79842b043b7a
706,0,d5ac932f-0b20-4b19-ba1f-695885b5a1b1
707,0,"2448e1ff-a0fb-4ed9-a46b-0841e983127e"
708,0,"897b9836-d97e-4388-9388-4f7423564244"
709,0,"4a754ebe-54d3-43ee-a9ce-fba24f4e73c9"
710,0,"32d2dbd1-5d68-4905-a577-4efa1b7b43de"
711,0,"730895a3-a478-488d-9653-a92b82e84075"
712,0,cbb93983-098a-45e8-915a-cb60a8e6ef5f
713,0,"5d38a760-befe-4676-9376-2a6fbb92f9f3"
714,0,"78f0290b-27bf-4cd1-9462-6edf8933fab9"
715,0,"2c468452-f618-47cf-bda1-a3a93c227e66"
716,0,"79402e1e-4f68-45a4-98b5-ecbf4cf831d0"
717,0,"706ef689-6880-4f29-b92b-9bedc1dbbdb6"
718,0,"05a13133-5429-4107-99a6-f6bf8ee232d6"
719,0,"7472f935-7cfc-4f6f-b7aa-2b159b1e89cd"
720,0,e1503ddb-d5a8-4557-98b7-b07caec93cec
721,0,"796a45a5-bbdb-463c-ad52-4f7b84f404db"
722,0,"8914fb29-ae4b-40e3-9924-7e2e25bfcb40"
723,0,"65370f46-14e5-477c-aff0-2e5b7f0901ea"
724,0,"369ed22c-df28-44a8-ae69-e63f122c775a"
725,0,c6de91bc-2875-4dcb-ae29-8b549e3e806b
726,0,"7cf8a234-4c87-4465-9342-9c0cf9c35417"
727,0,"890f858b-a145-4e52-b878-f34c1af337c2"
728,0,"8fc4cf0c-deb2-49c1-82d1-cd5919404701"
729,0,a7367c3b-d574-4df9-8642-adb2e2d3f7dd
730,0,"6715b864-e5ac-40b6-b37b-a9df4bf3e1a1"
731,0,d07e70ad-9971-4464-a53b-23afba0c70e8
732,0,"473ee7ec-0316-4a62-a218-712ce4197cca"
733,0,d20c68b3-2693-4ee6-81c7-123c5863e130
734,0,"52d8560c-808f-403b-b27d-eb7686f93e59"
735,0,"9dad094e-9e04-4c8b-86ea-23907572df7f"
736,0,c69f2ef6-737f-4f3a-91e4-728f23a888ea
737,0,"80a45fce-7479-4d00-acf6-1043e4ee91a4"
738,0,cf77dd03-9f3b-434d-a065-1cdbaf1fd54c
739,0,"11672b6b-84e4-4da3-93c9-2d601a2979d7"
740,0,f6542e4a-7210-484f-a0a9-4d30f6d3780b
741,0,"5d34a48c-329a-41de-b0e8-21b15b6e0153"
742,0,f4247792-d055-4416-8580-428c2305a5a7
743,0,"6bc1cb02-70ef-4240-be91-abd4f5280319"
744,0,"6f177a0e-75b1-4307-93bc-47c286047737"
745,0,f968cbd4-76f2-4a62-84d8-ed130614ec6b
746,0,cd4bb6e9-c31b-4a63-806c-b98b9efbb1aa
747,0,"31c8cb10-daa3-4146-ac8f-4cae9cfe455d"
748,0,"04760818-bedc-4cbe-9184-73367bd063d1"
749,0,"11eebea7-41b0-493d-80eb-863817f57a20"
750,0,"2e28895d-05c1-48ff-a670-c036badd5970"
751,0,c32e6628-b196-4734-8d14-43472ea5b515
752,0,"1a65b02e-093f-48b7-9662-f6cda4b0862b"
753,0,d51e572a-42d3-4fc1-8c90-d80912e0689f
754,0,a440b0a8-9c9a-4e16-a392-9f33ce9d72fc
755,0,"8d95f83f-34a6-416c-8101-45843d581474"
756,0,"74cedd3e-3d41-465b-b6e8-12678c75ff21"
757,0,"6e9053e6-5ceb-4381-a597-3a046f81bc33"
758,0,d543310d-d2a7-4b7b-a584-af7d959ed292
759,0,"76eb1c09-3be2-4dab-bde4-0bd18d0c7679"
760,0,e37c8af6-32db-42e5-bfda-338b9b3a4687
761,0,bcdf2692-38f1-4cf7-9f29-fffc01f0c4ee
762,0,"96b1ab7e-bc0b-448a-9929-bd3a4576c0d0"
763,0,"2a09ba65-a4e3-49b6-8895-8982f8b41adc"
764,0,c3ba7f52-add2-41c4-b2b8-8a7253ebf9e8
765,0,"4e5915f8-a77e-44a8-9f54-e9617adc6b7c"
766,0,"3c0eea73-3993-4338-961a-b766e10efe11"
767,0,e63416e6-7d8f-48c4-91eb-4f9bc02d9691
768,0,"88225d1f-8776-4b71-809d-1afac82a05af"
769,0,"3026cf61-9c33-445f-8e3d-549df488845a"
770,0,d5501cd8-57a4-456a-8be9-8f04ab999a59
771,0,"95582921-be51-4121-b50b-a4f0063dd3f2"
772,0,"9b1f0380-7e48-416d-83d7-f60304db3d7b"
773,0,dfc394b1-1427-4185-9cd3-b0c1a861cf72
774,0,"6fbdc5a4-1b3d-4a71-92d5-8db96fd7b98e"
775,0,"84bd8e98-bf90-490d-a034-9a689e17bf1c"
776,0,"64a02a8a-6dd9-4da8-913c-767740991dc3"
777,0,"6f7a5dc8-a60d-4931-8555-395857141c22"
778,0,b7eaa53c-7b05-456f-b834-6971505eb57e
779,0,c9cdf07e-bde2-47a5-87e6-93d816a6cbf0
780,0,"55c3e019-607c-4c12-8da7-f6a5820e1b25"
781,0,a0860902-8cf3-4ba9-9f3b-94ab9284c44e
782,0,abb324ab-199f-4769-a906-6880760e797c
783,0,"3fcf850e-42e4-40ce-8cb4-6cf84be52b28"
784,0,"8550925f-7629-4806-af86-1574fdfaaedc"
785,0,ea2e14a2-153b-4a4d-96ec-e280940a7124
786,0,"02d4c4c6-123c-4ed1-bf97-c018b699202e"
787,0,"9e112725-4178-4d09-99c0-1ca0309a2520"
788,0,"85889ee6-690a-4c01-b67b-ada087474feb"
789,0,"1a7a73e9-290e-4a66-a021-dbc35d4daa4a"
790,0,"17875c9a-7be9-4f18-914a-7a5e05564809"
791,0,cf4c3ac8-7659-41ec-822a-04d2943f8567
792,0,"78a60d5a-e951-42db-b371-c919862dd48b"
793,0,"074acb46-7c24-4fae-ac75-e088ab9813c8"
794,0,"91668564-dd3d-4e05-a9f4-0b78c604b0af"
795,0,"41392db1-70d5-4735-803c-5c452d294269"
796,0,d818526f-fcca-4070-863f-3260f2874d3a
797,0,"4d1b1021-fa57-4ab6-a14e-07422a2eb31c"
798,0,"8d6a9448-95e7-4d45-990b-e8e5d10a01c7"
799,0,"4028ddb7-6725-44e6-a626-c559679f7834"
800,0,"64c79409-c8a1-445f-abb5-afa7497e562c"
801,0,"26069141-31fb-4fdd-9966-4fbfd2b0e5ce"
802,0,"75b94599-ee07-43a4-8dd6-08ea6cca8e57"
803,0,fb4b7e6a-f7e0-4cdc-991c-3cbab7a53c7f
804,0,ff99c134-f4fa-46e2-8ca1-94ea801bbc45
805,0,d973a83d-fa87-4f1c-8e30-37f2502a4518
806,0,"1e3041b3-ddc0-47b8-b720-5c6bb0d6d0e3"
807,0,"096e83a0-9721-4775-bb84-38ca5069d00f"
808,0,d9f70f86-676f-415e-8a2b-6824229f68af
809,0,"708a81f0-7ac3-4c84-b017-913746171986"
810,0,dc365ef9-94ae-47b8-93b3-b275272867a8
811,0,"2b67926b-08ed-4a9e-9c64-1f67e2cb7ebf"
812,0,"7e37d77a-3af7-4d9a-8073-63d26db856fd"
813,0,c3e93f6c-d988-48ed-a703-30e1671e69d6
814,0,ffec5586-42e5-4848-b5f9-b80d9cd58cf1
815,0,b02e81eb-4433-49e5-bf82-7b479365b787
816,0,"8ff82068-a9c9-4a24-8572-06c8e600b54f"
817,0,e35876f4-78da-4b36-999d-9cdca9b71be7
818,0,"577336f7-d972-48b9-b76c-c5e8bc13293c"
819,0,"7ea2be69-55d5-450b-a271-181ec709c918"
820,0,cf356acc-d7f2-4c43-b372-7d228b0b1078
821,0,"4d5f661c-37d1-4d1c-b2e6-e7972050a8f2"
822,0,"221b9ab7-fab3-470f-a7be-b2a582c5925c"
823,0,ed3fe8fc-9d1a-481f-a113-ec6e7dbcb6ff
824,0,fc8a3260-6cae-4731-a2b7-fb345a1cf09e
825,0,eb9e8ff7-fd0c-42ba-86df-8cfed4626e1a
826,0,"148dcf42-6a40-4d84-a885-adafcdaf51ca"
827,0,b4a15571-a293-40ab-bfa7-a22732ddb34d
828,0,b342bb13-8168-44d1-82ec-2e807ffa784c
829,0,"9684f11a-599e-443e-be5a-06a39beaaa96"
830,0,"31657c88-a186-43db-ae17-986812fe4818"
831,0,f00c5b24-9385-4b77-b8b6-608659c1dce1
832,0,"3d0316dc-3125-4962-9ab0-17e18d0671c7"
833,0,"0373b729-12f8-4337-a3f0-6206b194ffca"
834,0,ae8b26b1-7c79-439e-a92f-f8e68323104a
835,0,"16a64e7a-2c26-46a8-9b75-7ab7ec91c92f"
836,0,"33073ac7-091a-4a13-8636-05d2fa9abea1"
837,0,f24436b6-440b-457f-b41f-1fe4a84bc3d1
838,0,"2a023bac-557a-442a-8ff0-e2794015de83"
839,0,"52aaf815-5949-4410-b8a6-d69b52f59e8e"
840,0,"81e5ff2c-8baa-442b-b767-298a4e6ccb72"
841,0,"854697c5-0dc7-46e3-8fbb-81e1132bfd9b"
842,0,bd7d6538-3d65-4f9a-a9a0-2af332baed7d
843,0,"23864cd9-a0e3-4da9-99a9-48e67beb51b6"
844,0,b83a8b2a-d1b7-49d9-92ac-5796acae2292
845,0,"09456689-eb7a-4995-ae76-c0f2a252a5f5"
846,0,c88d35c9-e029-4367-81cf-410b9ae25488
847,0,"59d56237-5655-4d14-9af0-c77646f36406"
848,0,"93a1a2f3-c1f2-4879-865b-97792de05e1d"
849,0,"38cacf6d-9665-452a-8abf-826e1ba81b00"
850,0,c48bcc4d-be8f-4e53-8a11-f163c209147c
851,0,aa820cf9-6ae2-4c9e-8e71-977dcf0b2e2a
852,0,e3a58625-0fc5-41cb-8323-e8fa9a2fb8e7
853,0,d16aa6ab-e31c-45e7-a29c-53c19c8ecc9f
854,0,"7cd349c5-540d-4e06-b0e5-b9ff9221a59a"
855,0,fae6df71-8425-4f7a-b5e3-8a9921486eca
856,0,"581e9b4a-c1aa-48e8-aa33-c30e668e61cc"
857,0,db9d2dca-e8dd-438b-b337-4c8ac772d456
858,0,"915c38f6-f8a7-45c4-a3f9-90edb95725af"
859,0,"996226ce-5b48-43d5-8420-cf45483a872d"
860,0,d56c3a81-7833-411d-b3b2-a3d50dbc4c1f
861,0,"1b88dd51-954a-4507-98e4-ecf5f44cef9c"
862,0,"589247fc-0c73-487d-841f-edb2237fc764"
863,0,"8e944dbd-9efa-4575-a58c-5c47682b8942"
864,0,"2d60e960-dbcf-44dd-a06f-c422a2d83eae"
865,0,b1ca5a9a-5b03-4008-a8e4-dac71d910d70
866,0,"72f2c1aa-a333-48a1-b085-b0d2d6b7d3d4"
867,0,c1202c96-0bc5-450d-a56d-7f1c2028623b
868,0,"29e1d6f0-2ed5-4ac2-9bbf-a9235455dc47"
869,0,"65df8e9b-60a4-4e16-b27e-585525bc4725"
870,0,b770d641-2c4a-4f41-b071-98c9fa8d92a6
871,0,bf9a7597-a0fa-41e7-892a-21bd825341e7
872,0,"2e69d1e9-a5c6-4dc6-b7b1-0428c1f29e50"
873,0,ac204cab-d67e-4f6a-90d2-c3576425639f
874,0,d74dc483-777b-4d36-be38-aef25210a546
875,0,"49a0c020-3dff-443b-ad2b-31185b988c4d"
876,0,"830e6069-f9d9-42fa-96c8-2067c879cbff"
877,0,"455ebb46-85b2-48ca-8d7f-3314d590b74f"
878,0,"5c0c5e67-4b5e-44bc-abde-89f24b87cf79"
879,0,"9f21569e-59ba-4dbd-b26e-eaaedd9a19e3"
880,0,"607278fe-c1c7-4cee-baab-e89bc4b50ccb"
881,0,"0e19df55-3d33-4d8f-9d95-37b0614a7d2e"
882,0,acab299d-d03e-4610-845b-b9e88c226ae9
883,0,"24dd031c-aaf1-4af4-b52e-5d7d10c14173"
884,0,c8907e4f-9828-4951-9b09-13cb3db95eb2
885,0,"16de7d24-a63f-40b1-92b5-9abaf2ec0268"
886,0,"30d46a6e-6151-4642-82d0-bdf62f25e0be"
887,0,"881b8ada-f65b-4575-89be-0f828ff7adeb"
888,0,"10c87840-424d-4aa3-8671-32f8df9fa43d"
889,0,d8060789-62ce-4617-a17e-edd6fa7b639c
890,0,"40188aff-4a67-44f2-92b7-1a239b921a1e"
891,0,e5bf9e5f-3792-410c-b431-868b796a9130
892,0,"435ce0a9-fe8d-4b88-a9a5-8ef717fd109f"
893,0,ad5a6d89-c135-44d0-a4b1-b4fac1b607e4
894,0,"7a91e117-b233-4246-b4da-acb1d5568b00"
895,0,db7e67be-e391-418b-94cb-24a30d93af2b
896,0,"26a229f3-0046-4e5d-8dad-3ae03ebb0ade"
897,0,"7507c69b-e9d1-4825-a28c-9f3397e49d6b"
898,0,"26a0f008-e99a-441f-9411-e6979956c54e"
899,0,"7b081736-8678-40c4-9621-fb42ca4d5746"
900,0,b06edac6-456c-4d63-900f-0e789f724221
901,0,f204b594-5945-4c76-a3c3-c76c0550be1b
902,0,"6457673a-6e6b-4f8c-aafc-dd2311f3e33b"
903,0,a5471fec-92e3-47ef-b655-c5553d472868
904,0,d8598e93-5e09-4120-9bc9-1c591227b1b8
905,0,ff1791a0-b5f2-4f3e-bcb3-5eb70e871736
906,0,"5cc74875-f433-4e39-a231-947480e7b45f"
907,0,"14efd452-c999-4ade-b6d1-c9d456e60555"
908,0,"11184c58-9669-42c3-b4d5-0b38cfd03a82"
909,0,ab58a1b7-6dfc-45ed-ac7a-2a7ae9f0c939
910,0,"6d497f2b-ffcc-4960-91dd-8888c319b8a1"
911,0,af07837e-8cd3-4175-98ac-1d69f6f13d07
912,0,"01d183ec-a7b2-4a6a-a33e-6bb58a0fa697"
913,0,c819c959-c51a-489f-a051-08dd4f199abd
914,0,"1f64c83f-a461-4238-bab3-025dd8c3748f"
915,0,da243528-c648-45bb-b376-f8e2c2ef0753
916,0,f3805783-11ed-4c93-b061-e5cb0ccc8390
917,0,"9915627f-476d-4bd6-a073-cd5faae354ed"
918,0,c7a2c27c-57ee-4a8f-9bdc-dc5ca9bcd9b1
919,0,"7d03d3c3-674b-4944-9beb-a49733696559"
920,0,"16dad185-115b-49d9-952b-f84faead2f7d"
921,0,d5df6516-65af-40eb-83e7-3c3397c42bae
922,0,"513a53e2-c437-4645-a7a3-c0c755be760c"
923,0,acbc4fd3-c8b5-4066-9972-de7fda54f3d3
924,0,"912a19d6-5579-4c18-855a-bbf39b0900f8"
925,0,a5d3337e-837a-44a6-88df-100c774fd436
926,0,e125f88d-300a-4585-b938-b236cee76365
927,0,"21e2bea7-ec91-4911-8049-b23d0cd4b05c"
928,0,"11ac124c-2a76-4f9b-afdf-0861f6406a12"
929,0,"0bbf669b-cd38-42ae-a5b5-8493a9a215dd"
930,0,"06879331-755c-4b52-be7b-3345a9037838"
931,0,a958d4b5-2b07-466f-ae24-007623008cce
932,0,b200db6c-18dd-40d3-a742-3685bd12b6d0
933,0,"659cabf4-e4d7-463f-b39f-9040297a9fb0"
934,0,"16699e41-4976-4071-a1f6-5e6e611a9122"
935,0,"24aee0c3-a5f2-4e7a-83f4-a374cf71456d"
936,0,"61434400-2373-431f-8a58-c7736bc8a1d7"
937,0,"0986ff64-ece5-48b0-83bb-67c43c9a5d45"
938,0,"0bb4bfdb-10be-4c89-acac-550916235582"
939,0,"097a6d9e-fec4-4a81-854f-364ad8fbd36f"
940,0,b17d3277-fb3b-40e0-83ac-18f17799eb3a
941,0,"5451d58e-41ca-4c5f-bcb3-7abf854c19e2"
942,0,"9e04bce2-f982-4aa0-be5f-409e8c34fddc"
943,0,"75fab691-057d-4d08-b1ef-143341bf9523"
944,0,"88385111-1e1c-499f-b920-e3f59ed6e8f7"
945,0,"4d161cd2-dffc-4a64-bf0d-0063280737b1"
946,0,"97b65e92-3277-49f7-a675-ce90301b856c"
947,0,b90637f5-ba57-40dd-b8f7-d909188ac064
948,0,ac3555f8-f0db-499a-bdb3-2cc4e84ef590
949,0,"80065f8b-7f92-4682-adc1-3416ee260f4e"
950,0,"60969f75-f559-4c54-82fc-e0976c289ca7"
951,0,"7849ac90-87d9-4c99-b770-1bc2e69531d5"
952,0,"583e0106-c4a2-4d53-bc79-26d85dcecfec"
953,0,"85ef9fc3-3d57-4e92-bbd1-f31f01bf516f"
954,0,f7a2787a-839d-4a85-a7ee-5cc098d5c78e
955,0,c143f6c6-34d9-40af-8476-7455b3c5b5c2
956,0,f82c8b44-ac99-46cc-b806-b77f5b9b325c
957,0,"4b63e611-ee10-4d1a-8726-874e655e11a2"
958,0,"54861974-740d-4a86-87e1-234666d68b17"
959,0,f9af60f2-a730-4308-8245-ec0efa60d56e
960,0,a6475af6-a4ab-4568-b90d-cd7504de6b9b
961,0,"2d7bd0a8-c392-4fa7-8bd5-a3de48b3e69c"
962,0,e9b92735-2776-4457-bc28-972b6f4832a0
963,0,ae4719c7-9829-4c04-a5c6-b9b460a6dd09
964,0,"0d5727fd-787b-44e4-a449-bfb57a478a30"
965,0,"913ff618-c0e8-4247-ac9f-3624cf8fe0bf"
966,0,"63b97e47-5361-4797-bde6-1d34d9f8c0fb"
967,0,"0fba38ab-319c-4c8f-abd7-bb4dad313fe6"
968,0,"60788aba-2b7a-4d28-8d6f-ffe9a893b4e5"
969,0,f6a1cecb-d6de-4008-8934-b80364b9f3e0
970,0,"8172bf38-0f18-4ac8-b4f5-20b09fe9eb54"
971,0,fa65a7d9-f110-4359-97f1-c50457c91082
972,0,"0d6107fb-1ff8-4139-bc7e-bb86236bc783"
973,0,e01268f2-b9ae-421b-879c-71aa7319bce0
974,0,"50eec3e4-9e3b-4075-9a5c-5b4c9a399944"
975,0,d6168739-ae42-4c31-a61c-b623a0c412f7
976,0,"0ee71acb-42ee-4b12-bcc6-89df3ca98b7f"
977,0,"27ed3236-6ad1-4590-81b2-6e9ff789427d"
978,0,"363f8161-c7ee-4e76-9528-49f693c9b7a1"
979,0,"2a4c1023-1cc9-4008-be78-f23ab29a7db7"
980,0,"5dd34606-1632-4402-97a7-d82861c6a95e"
981,0,a327b4b8-9f39-42e3-90c6-4837a1a415c4
982,0,"65a5ccac-33a1-49ac-891f-866d4ca4ce3a"
983,0,e67aeb49-7e7f-4730-b977-7bbcde5313ab
984,0,"6acab2ed-fdd5-4603-bd1d-f06490c8e06d"
985,0,"2ac6a11e-66be-4323-aa6d-3a96499ce445"
986,0,"4970845b-defc-494f-9f73-78fbe6c03b57"
987,0,"87de7e0c-ed8f-4bbe-a970-bef1d5e806a4"
988,0,cbf1d629-ae3d-47c3-94a6-97f31d08ae5a
989,0,f9344aa1-310a-4846-94b8-9cd3a6aaf982
990,0,"957c1ede-0f72-4144-9401-79b13785c081"
991,0,"98c4f8d7-d63d-46ff-93fa-2b9707e36f23"
992,0,"66ae563b-3ac1-4421-8b5f-0ad46260cf4a"
993,0,dd108821-a933-4106-ab30-9b0e91b97fdd
994,0,e64ff012-7416-4157-a78b-f866d2facd56
995,0,dd8c94d0-e27d-4461-bca8-38f1f892fc6b
996,0,"3cc81283-0dfb-4e81-8103-a59f85fce1da"
997,0,"4911a6c0-d309-4e93-85b9-bac81cd523ba"
998,0,d74823f7-8e52-43d2-b199-5e3adc2ccb7e
999,0,"1c56c4be-7cf5-4900-8469-067bdbc12cbe"
1000,0,fd1653c7-a403-4218-b863-95f3cac39a30
